2026-09-08  11:19:30.616z | INFO     | uvicorn.error:273 - Shutting down
2026-09-08  11:19:30.722z | INFO     | uvicorn.error:67 - Waiting for application shutdown.
2026-09-08  11:19:30.733z | INFO     | uvicorn.error:76 - Application shutdown complete.
2026-09-08  11:19:30.736z | INFO     | uvicorn.error:104 - Finished server process [20612]
2026-09-08  11:19:40.684z | INFO     | storeapi.main:16 - Starting up the application...
2026-09-08  11:19:40.708z | INFO     | uvicorn.error:62 - Application startup complete.
2026-09-08  11:19:52.557z | DEBUG    | storeapi.routers.post:34 - SELECT posts.id, posts.title, posts.description 
FROM posts
2026-09-08  11:19:52.573z | INFO     | uvicorn.access:482 - 127.0.0.1:63079 - "GET /post HTTP/1.1" 200
2026-09-08  11:21:13.493z | INFO     | uvicorn.error:273 - Shutting down
2026-09-08  11:21:13.607z | INFO     | uvicorn.error:67 - Waiting for application shutdown.
2026-09-08  11:21:13.615z | INFO     | uvicorn.error:76 - Application shutdown complete.
2026-09-08  11:21:13.617z | INFO     | uvicorn.error:104 - Finished server process [11980]
2026-09-08  11:21:15.830z | INFO     | storeapi.main:16 - Starting up the application...
2026-09-08  11:21:15.850z | INFO     | uvicorn.error:62 - Application startup complete.
2026-09-08  11:21:15.959z | INFO     | uvicorn.error:273 - Shutting down
2026-09-08  11:21:16.074z | INFO     | uvicorn.error:67 - Waiting for application shutdown.
2026-09-08  11:21:16.080z | INFO     | uvicorn.error:76 - Application shutdown complete.
2026-09-08  11:21:16.084z | INFO     | uvicorn.error:104 - Finished server process [10608]
2026-09-08  11:21:18.200z | INFO     | storeapi.main:16 - Starting up the application...
2026-09-08  11:21:18.219z | INFO     | uvicorn.error:62 - Application startup complete.
2026-09-08  11:21:18.324z | INFO     | uvicorn.error:273 - Shutting down
2026-09-08  11:21:18.431z | INFO     | uvicorn.error:67 - Waiting for application shutdown.
2026-09-08  11:21:18.437z | INFO     | uvicorn.error:76 - Application shutdown complete.
2026-09-08  11:21:18.439z | INFO     | uvicorn.error:104 - Finished server process [12896]
2026-09-08  11:21:22.487z | INFO     | storeapi.main:16 - Starting up the application...
2026-09-08  11:21:22.506z | INFO     | uvicorn.error:62 - Application startup complete.
2026-09-08  11:21:23.360z | INFO     | uvicorn.error:273 - Shutting down
2026-09-08  11:21:23.476z | INFO     | uvicorn.error:67 - Waiting for application shutdown.
2026-09-08  11:21:23.481z | INFO     | uvicorn.error:76 - Application shutdown complete.
2026-09-08  11:21:23.483z | INFO     | uvicorn.error:104 - Finished server process [19184]
2026-09-08  11:21:25.520z | INFO     | storeapi.main:16 - Starting up the application...
2026-09-08  11:21:25.541z | INFO     | uvicorn.error:62 - Application startup complete.
2026-09-08  11:21:25.544z | INFO     | uvicorn.error:273 - Shutting down
2026-09-08  11:21:25.659z | INFO     | uvicorn.error:67 - Waiting for application shutdown.
2026-09-08  11:21:25.665z | INFO     | uvicorn.error:76 - Application shutdown complete.
2026-09-08  11:21:25.666z | INFO     | uvicorn.error:104 - Finished server process [9524]
2026-09-08  11:21:27.836z | INFO     | storeapi.main:16 - Starting up the application...
2026-09-08  11:21:27.858z | INFO     | uvicorn.error:62 - Application startup complete.
2026-09-08  11:21:27.861z | INFO     | uvicorn.error:273 - Shutting down
2026-09-08  11:21:27.975z | INFO     | uvicorn.error:67 - Waiting for application shutdown.
2026-09-08  11:21:27.980z | INFO     | uvicorn.error:76 - Application shutdown complete.
2026-09-08  11:21:27.982z | INFO     | uvicorn.error:104 - Finished server process [18696]
2026-09-08  11:21:30.016z | INFO     | storeapi.main:16 - Starting up the application...
2026-09-08  11:21:30.034z | INFO     | uvicorn.error:62 - Application startup complete.
2026-09-08  11:21:30.143z | INFO     | uvicorn.error:273 - Shutting down
2026-09-08  11:21:30.259z | INFO     | uvicorn.error:67 - Waiting for application shutdown.
2026-09-08  11:21:30.265z | INFO     | uvicorn.error:76 - Application shutdown complete.
2026-09-08  11:21:30.267z | INFO     | uvicorn.error:104 - Finished server process [8612]
2026-09-08  11:21:32.301z | INFO     | storeapi.main:16 - Starting up the application...
2026-09-08  11:21:32.320z | INFO     | uvicorn.error:62 - Application startup complete.
2026-09-08  11:21:32.426z | INFO     | uvicorn.error:273 - Shutting down
2026-09-08  11:21:32.541z | INFO     | uvicorn.error:67 - Waiting for application shutdown.
2026-09-08  11:21:32.548z | INFO     | uvicorn.error:76 - Application shutdown complete.
2026-09-08  11:21:32.550z | INFO     | uvicorn.error:104 - Finished server process [20920]
2026-09-08  11:21:34.692z | INFO     | storeapi.main:16 - Starting up the application...
2026-09-08  11:21:34.712z | INFO     | uvicorn.error:62 - Application startup complete.
2026-09-08  11:21:37.781z | INFO     | uvicorn.error:273 - Shutting down
2026-09-08  11:21:37.893z | INFO     | uvicorn.error:67 - Waiting for application shutdown.
2026-09-08  11:21:37.901z | INFO     | uvicorn.error:76 - Application shutdown complete.
2026-09-08  11:21:37.903z | INFO     | uvicorn.error:104 - Finished server process [22656]
2026-09-08  11:21:40.121z | INFO     | storeapi.main:16 - Starting up the application...
2026-09-08  11:21:40.141z | INFO     | uvicorn.error:62 - Application startup complete.
2026-09-08  11:21:44.419z | INFO     | storeapi.routers.post:33 - Getting all posts
2026-09-08  11:21:44.423z | DEBUG    | storeapi.routers.post:35 - SELECT posts.id, posts.title, posts.description 
FROM posts
2026-09-08  11:21:44.439z | INFO     | uvicorn.access:482 - 127.0.0.1:63137 - "GET /post HTTP/1.1" 200
2026-09-08  11:21:52.109z | INFO     | uvicorn.error:273 - Shutting down
2026-09-08  11:21:52.215z | INFO     | uvicorn.error:67 - Waiting for application shutdown.
2026-09-08  11:21:52.221z | INFO     | uvicorn.error:76 - Application shutdown complete.
2026-09-08  11:21:52.224z | INFO     | uvicorn.error:104 - Finished server process [10764]
2026-09-08  11:21:54.343z | INFO     | storeapi.main:16 - Starting up the application...
2026-09-08  11:21:54.363z | INFO     | uvicorn.error:62 - Application startup complete.
2026-09-08  11:31:26.650z | INFO     | uvicorn.error:273 - Shutting down
2026-09-08  11:31:26.768z | INFO     | uvicorn.error:67 - Waiting for application shutdown.
2026-09-08  11:31:26.774z | INFO     | uvicorn.error:76 - Application shutdown complete.
2026-09-08  11:31:26.777z | INFO     | uvicorn.error:104 - Finished server process [16200]
2026-09-08  11:31:29.177z | INFO     | storeapi.main:16 - Starting up the application...
2026-09-08  11:31:29.200z | INFO     | uvicorn.error:62 - Application startup complete.
2026-09-08  11:31:29.848z | INFO     | uvicorn.error:273 - Shutting down
2026-09-08  11:31:29.961z | INFO     | uvicorn.error:67 - Waiting for application shutdown.
2026-09-08  11:31:29.968z | INFO     | uvicorn.error:76 - Application shutdown complete.
2026-09-08  11:31:29.971z | INFO     | uvicorn.error:104 - Finished server process [17060]
2026-09-08  11:31:32.080z | INFO     | storeapi.main:16 - Starting up the application...
2026-09-08  11:31:32.101z | INFO     | uvicorn.error:62 - Application startup complete.
2026-09-08  11:31:32.103z | INFO     | uvicorn.error:273 - Shutting down
2026-09-08  11:31:32.216z | INFO     | uvicorn.error:67 - Waiting for application shutdown.
2026-09-08  11:31:32.222z | INFO     | uvicorn.error:76 - Application shutdown complete.
2026-09-08  11:31:32.225z | INFO     | uvicorn.error:104 - Finished server process [2824]
2026-09-08  11:31:34.440z | INFO     | storeapi.main:16 - Starting up the application...
2026-09-08  11:31:34.466z | INFO     | uvicorn.error:62 - Application startup complete.
2026-09-08  11:31:34.468z | INFO     | uvicorn.error:273 - Shutting down
2026-09-08  11:31:34.578z | INFO     | uvicorn.error:67 - Waiting for application shutdown.
2026-09-08  11:31:34.585z | INFO     | uvicorn.error:76 - Application shutdown complete.
2026-09-08  11:31:34.589z | INFO     | uvicorn.error:104 - Finished server process [16856]
2026-09-08  11:31:36.934z | INFO     | storeapi.main:16 - Starting up the application...
2026-09-08  11:31:36.952z | INFO     | uvicorn.error:62 - Application startup complete.
2026-09-08  11:31:37.717z | INFO     | uvicorn.error:273 - Shutting down
2026-09-08  11:31:37.834z | INFO     | uvicorn.error:67 - Waiting for application shutdown.
2026-09-08  11:31:37.839z | INFO     | uvicorn.error:76 - Application shutdown complete.
2026-09-08  11:31:37.840z | INFO     | uvicorn.error:104 - Finished server process [7924]
2026-09-08  11:31:40.122z | INFO     | storeapi.main:16 - Starting up the application...
2026-09-08  11:31:40.142z | INFO     | uvicorn.error:62 - Application startup complete.
2026-09-08  11:31:40.144z | INFO     | uvicorn.error:273 - Shutting down
2026-09-08  11:31:40.251z | INFO     | uvicorn.error:67 - Waiting for application shutdown.
2026-09-08  11:31:40.257z | INFO     | uvicorn.error:76 - Application shutdown complete.
2026-09-08  11:31:40.260z | INFO     | uvicorn.error:104 - Finished server process [21528]
2026-09-08  11:31:42.427z | INFO     | storeapi.main:16 - Starting up the application...
2026-09-08  11:31:42.446z | INFO     | uvicorn.error:62 - Application startup complete.
2026-09-08  11:31:42.551z | INFO     | uvicorn.error:273 - Shutting down
2026-09-08  11:31:42.657z | INFO     | uvicorn.error:67 - Waiting for application shutdown.
2026-09-08  11:31:42.662z | INFO     | uvicorn.error:76 - Application shutdown complete.
2026-09-08  11:31:42.665z | INFO     | uvicorn.error:104 - Finished server process [20956]
2026-09-08  11:31:44.824z | INFO     | storeapi.main:16 - Starting up the application...
2026-09-08  11:31:44.847z | INFO     | uvicorn.error:62 - Application startup complete.
2026-09-08  11:31:47.995z | INFO     | uvicorn.error:273 - Shutting down
2026-09-08  11:31:48.101z | INFO     | uvicorn.error:67 - Waiting for application shutdown.
2026-09-08  11:31:48.109z | INFO     | uvicorn.error:76 - Application shutdown complete.
2026-09-08  11:31:48.113z | INFO     | uvicorn.error:104 - Finished server process [20704]
2026-09-08  11:31:50.223z | INFO     | storeapi.main:16 - Starting up the application...
2026-09-08  11:31:50.242z | INFO     | uvicorn.error:62 - Application startup complete.
2026-09-08  11:31:51.095z | INFO     | uvicorn.error:273 - Shutting down
2026-09-08  11:31:51.202z | INFO     | uvicorn.error:67 - Waiting for application shutdown.
2026-09-08  11:31:51.211z | INFO     | uvicorn.error:76 - Application shutdown complete.
2026-09-08  11:31:51.213z | INFO     | uvicorn.error:104 - Finished server process [21328]
2026-09-08  11:31:53.197z | INFO     | storeapi.main:16 - Starting up the application...
2026-09-08  11:31:53.215z | INFO     | uvicorn.error:62 - Application startup complete.
2026-09-08  11:31:56.352z | INFO     | uvicorn.error:273 - Shutting down
2026-09-08  11:31:56.469z | INFO     | uvicorn.error:67 - Waiting for application shutdown.
2026-09-08  11:31:56.477z | INFO     | uvicorn.error:76 - Application shutdown complete.
2026-09-08  11:31:56.481z | INFO     | uvicorn.error:104 - Finished server process [16292]
2026-09-08  11:31:58.498z | INFO     | storeapi.main:16 - Starting up the application...
2026-09-08  11:31:58.518z | INFO     | uvicorn.error:62 - Application startup complete.
2026-09-08  11:32:01.768z | INFO     | uvicorn.error:273 - Shutting down
2026-09-08  11:32:01.884z | INFO     | uvicorn.error:67 - Waiting for application shutdown.
2026-09-08  11:32:01.889z | INFO     | uvicorn.error:76 - Application shutdown complete.
2026-09-08  11:32:01.891z | INFO     | uvicorn.error:104 - Finished server process [3080]
2026-09-08  11:32:04.043z | INFO     | storeapi.main:16 - Starting up the application...
2026-09-08  11:32:04.073z | INFO     | uvicorn.error:62 - Application startup complete.
2026-09-08  11:32:04.186z | INFO     | uvicorn.error:273 - Shutting down
2026-09-08  11:32:04.300z | INFO     | uvicorn.error:67 - Waiting for application shutdown.
2026-09-08  11:32:04.305z | INFO     | uvicorn.error:76 - Application shutdown complete.
2026-09-08  11:32:04.307z | INFO     | uvicorn.error:104 - Finished server process [17280]
2026-09-08  11:32:06.367z | INFO     | storeapi.main:16 - Starting up the application...
2026-09-08  11:32:06.385z | INFO     | uvicorn.error:62 - Application startup complete.
2026-09-08  11:32:07.219z | INFO     | uvicorn.error:273 - Shutting down
2026-09-08  11:32:07.322z | INFO     | uvicorn.error:67 - Waiting for application shutdown.
2026-09-08  11:32:07.328z | INFO     | uvicorn.error:76 - Application shutdown complete.
2026-09-08  11:32:07.330z | INFO     | uvicorn.error:104 - Finished server process [3480]
2026-09-08  11:32:09.340z | INFO     | storeapi.main:16 - Starting up the application...
2026-09-08  11:32:09.360z | INFO     | uvicorn.error:62 - Application startup complete.
2026-09-08  11:32:17.165z | INFO     | uvicorn.error:273 - Shutting down
2026-09-08  11:32:17.270z | INFO     | uvicorn.error:67 - Waiting for application shutdown.
2026-09-08  11:32:17.275z | INFO     | uvicorn.error:76 - Application shutdown complete.
2026-09-08  11:32:17.278z | INFO     | uvicorn.error:104 - Finished server process [17756]
2026-09-08  11:32:19.356z | INFO     | storeapi.main:16 - Starting up the application...
2026-09-08  11:32:19.374z | INFO     | uvicorn.error:62 - Application startup complete.
2026-09-08  11:32:19.485z | INFO     | uvicorn.error:273 - Shutting down
2026-09-08  11:32:19.601z | INFO     | uvicorn.error:67 - Waiting for application shutdown.
2026-09-08  11:32:19.607z | INFO     | uvicorn.error:76 - Application shutdown complete.
2026-09-08  11:32:19.609z | INFO     | uvicorn.error:104 - Finished server process [19664]
2026-09-08  11:32:21.702z | INFO     | storeapi.main:16 - Starting up the application...
2026-09-08  11:32:21.722z | INFO     | uvicorn.error:62 - Application startup complete.
2026-09-08  11:32:22.469z | INFO     | uvicorn.error:273 - Shutting down
2026-09-08  11:32:22.585z | INFO     | uvicorn.error:67 - Waiting for application shutdown.
2026-09-08  11:32:22.590z | INFO     | uvicorn.error:76 - Application shutdown complete.
2026-09-08  11:32:22.592z | INFO     | uvicorn.error:104 - Finished server process [20824]
2026-09-08  11:32:24.691z | INFO     | storeapi.main:16 - Starting up the application...
2026-09-08  11:32:24.709z | INFO     | uvicorn.error:62 - Application startup complete.
2026-09-08  11:32:36.067z | INFO     | uvicorn.error:273 - Shutting down
2026-09-08  11:32:36.184z | INFO     | uvicorn.error:67 - Waiting for application shutdown.
2026-09-08  11:32:36.189z | INFO     | uvicorn.error:76 - Application shutdown complete.
2026-09-08  11:32:36.191z | INFO     | uvicorn.error:104 - Finished server process [7824]
2026-09-08  11:32:38.374z | INFO     | storeapi.main:16 - Starting up the application...
2026-09-08  11:32:38.394z | INFO     | uvicorn.error:62 - Application startup complete.
2026-09-08  11:32:38.501z | INFO     | uvicorn.error:273 - Shutting down
2026-09-08  11:32:38.607z | INFO     | uvicorn.error:67 - Waiting for application shutdown.
2026-09-08  11:32:38.613z | INFO     | uvicorn.error:76 - Application shutdown complete.
2026-09-08  11:32:38.616z | INFO     | uvicorn.error:104 - Finished server process [14712]
2026-09-08  11:32:40.612z | INFO     | storeapi.main:16 - Starting up the application...
2026-09-08  11:32:40.630z | INFO     | uvicorn.error:62 - Application startup complete.
2026-09-08  11:32:47.536z | INFO     | uvicorn.error:273 - Shutting down
2026-09-08  11:32:47.640z | INFO     | uvicorn.error:67 - Waiting for application shutdown.
2026-09-08  11:32:47.648z | INFO     | uvicorn.error:76 - Application shutdown complete.
2026-09-08  11:32:47.650z | INFO     | uvicorn.error:104 - Finished server process [21192]
2026-09-08  11:32:49.610z | INFO     | storeapi.main:16 - Starting up the application...
2026-09-08  11:32:49.629z | INFO     | uvicorn.error:62 - Application startup complete.
2026-09-08  11:32:53.584z | INFO     | uvicorn.error:273 - Shutting down
2026-09-08  11:32:53.701z | INFO     | uvicorn.error:67 - Waiting for application shutdown.
2026-09-08  11:32:53.709z | INFO     | uvicorn.error:76 - Application shutdown complete.
2026-09-08  11:32:53.711z | INFO     | uvicorn.error:104 - Finished server process [23252]
2026-09-08  11:32:55.823z | INFO     | storeapi.main:16 - Starting up the application...
2026-09-08  11:32:55.853z | INFO     | uvicorn.error:62 - Application startup complete.
2026-09-08  11:32:57.715z | INFO     | uvicorn.error:273 - Shutting down
2026-09-08  11:32:57.821z | INFO     | uvicorn.error:67 - Waiting for application shutdown.
2026-09-08  11:32:57.826z | INFO     | uvicorn.error:76 - Application shutdown complete.
2026-09-08  11:32:57.830z | INFO     | uvicorn.error:104 - Finished server process [1760]
2026-09-08  11:32:59.889z | INFO     | storeapi.main:16 - Starting up the application...
2026-09-08  11:32:59.907z | INFO     | uvicorn.error:62 - Application startup complete.
2026-09-08  11:32:59.910z | INFO     | uvicorn.error:273 - Shutting down
2026-09-08  11:33:00.014z | INFO     | uvicorn.error:67 - Waiting for application shutdown.
2026-09-08  11:33:00.021z | INFO     | uvicorn.error:76 - Application shutdown complete.
2026-09-08  11:33:00.024z | INFO     | uvicorn.error:104 - Finished server process [18208]
2026-09-08  11:33:02.043z | INFO     | storeapi.main:16 - Starting up the application...
2026-09-08  11:33:02.063z | INFO     | uvicorn.error:62 - Application startup complete.
2026-09-08  11:33:02.170z | INFO     | uvicorn.error:273 - Shutting down
2026-09-08  11:33:02.284z | INFO     | uvicorn.error:67 - Waiting for application shutdown.
2026-09-08  11:33:02.292z | INFO     | uvicorn.error:76 - Application shutdown complete.
2026-09-08  11:33:02.294z | INFO     | uvicorn.error:104 - Finished server process [9524]
2026-09-08  11:33:04.330z | INFO     | storeapi.main:16 - Starting up the application...
2026-09-08  11:33:04.350z | INFO     | uvicorn.error:62 - Application startup complete.
2026-09-08  11:33:08.417z | INFO     | uvicorn.error:273 - Shutting down
2026-09-08  11:33:08.534z | INFO     | uvicorn.error:67 - Waiting for application shutdown.
2026-09-08  11:33:08.538z | INFO     | uvicorn.error:76 - Application shutdown complete.
2026-09-08  11:33:08.540z | INFO     | uvicorn.error:104 - Finished server process [7068]
2026-09-08  11:33:10.659z | INFO     | storeapi.main:16 - Starting up the application...
2026-09-08  11:33:10.677z | INFO     | uvicorn.error:62 - Application startup complete.
2026-09-08  11:33:16.266z | INFO     | uvicorn.error:273 - Shutting down
2026-09-08  11:33:16.375z | INFO     | uvicorn.error:67 - Waiting for application shutdown.
2026-09-08  11:33:16.380z | INFO     | uvicorn.error:76 - Application shutdown complete.
2026-09-08  11:33:16.382z | INFO     | uvicorn.error:104 - Finished server process [21516]
2026-09-08  11:33:18.456z | INFO     | storeapi.main:16 - Starting up the application...
2026-09-08  11:33:18.474z | INFO     | uvicorn.error:62 - Application startup complete.
2026-09-08  11:33:18.583z | INFO     | uvicorn.error:273 - Shutting down
2026-09-08  11:33:18.701z | INFO     | uvicorn.error:67 - Waiting for application shutdown.
2026-09-08  11:33:18.709z | INFO     | uvicorn.error:76 - Application shutdown complete.
2026-09-08  11:33:18.711z | INFO     | uvicorn.error:104 - Finished server process [16340]
2026-09-08  11:33:20.778z | INFO     | storeapi.main:16 - Starting up the application...
2026-09-08  11:33:20.796z | INFO     | uvicorn.error:62 - Application startup complete.
2026-09-08  11:33:20.913z | INFO     | uvicorn.error:273 - Shutting down
2026-09-08  11:33:21.018z | INFO     | uvicorn.error:67 - Waiting for application shutdown.
2026-09-08  11:33:21.028z | INFO     | uvicorn.error:76 - Application shutdown complete.
2026-09-08  11:33:21.033z | INFO     | uvicorn.error:104 - Finished server process [17992]
2026-09-08  11:33:23.241z | INFO     | storeapi.main:16 - Starting up the application...
2026-09-08  11:33:23.262z | INFO     | uvicorn.error:62 - Application startup complete.
2026-09-08  11:33:23.265z | INFO     | uvicorn.error:273 - Shutting down
2026-09-08  11:33:23.370z | INFO     | uvicorn.error:67 - Waiting for application shutdown.
2026-09-08  11:33:23.377z | INFO     | uvicorn.error:76 - Application shutdown complete.
2026-09-08  11:33:23.380z | INFO     | uvicorn.error:104 - Finished server process [3324]
2026-09-08  11:33:25.602z | INFO     | storeapi.main:16 - Starting up the application...
2026-09-08  11:33:25.621z | INFO     | uvicorn.error:62 - Application startup complete.
2026-09-08  11:33:25.734z | INFO     | uvicorn.error:273 - Shutting down
2026-09-08  11:33:25.851z | INFO     | uvicorn.error:67 - Waiting for application shutdown.
2026-09-08  11:33:25.857z | INFO     | uvicorn.error:76 - Application shutdown complete.
2026-09-08  11:33:25.860z | INFO     | uvicorn.error:104 - Finished server process [6096]
2026-09-08  11:33:27.854z | INFO     | storeapi.main:16 - Starting up the application...
2026-09-08  11:33:27.873z | INFO     | uvicorn.error:62 - Application startup complete.
2026-09-08  11:33:27.876z | INFO     | uvicorn.error:273 - Shutting down
2026-09-08  11:33:27.985z | INFO     | uvicorn.error:67 - Waiting for application shutdown.
2026-09-08  11:33:27.993z | INFO     | uvicorn.error:76 - Application shutdown complete.
2026-09-08  11:33:27.995z | INFO     | uvicorn.error:104 - Finished server process [14680]
2026-09-08  11:33:30.047z | INFO     | storeapi.main:16 - Starting up the application...
2026-09-08  11:33:30.066z | INFO     | uvicorn.error:62 - Application startup complete.
2026-09-08  11:33:30.170z | INFO     | uvicorn.error:273 - Shutting down
2026-09-08  11:33:30.283z | INFO     | uvicorn.error:67 - Waiting for application shutdown.
2026-09-08  11:33:30.288z | INFO     | uvicorn.error:76 - Application shutdown complete.
2026-09-08  11:33:30.291z | INFO     | uvicorn.error:104 - Finished server process [17828]
2026-09-08  11:33:32.375z | INFO     | storeapi.main:16 - Starting up the application...
2026-09-08  11:33:32.393z | INFO     | uvicorn.error:62 - Application startup complete.
2026-09-08  11:33:33.265z | INFO     | uvicorn.error:273 - Shutting down
2026-09-08  11:33:33.370z | INFO     | uvicorn.error:67 - Waiting for application shutdown.
2026-09-08  11:33:33.376z | INFO     | uvicorn.error:76 - Application shutdown complete.
2026-09-08  11:33:33.378z | INFO     | uvicorn.error:104 - Finished server process [23400]
2026-09-08  11:33:35.871z | INFO     | storeapi.main:16 - Starting up the application...
2026-09-08  11:33:35.890z | INFO     | uvicorn.error:62 - Application startup complete.
2026-09-08  11:33:39.698z | INFO     | uvicorn.error:273 - Shutting down
2026-09-08  11:33:39.814z | INFO     | uvicorn.error:67 - Waiting for application shutdown.
2026-09-08  11:33:39.820z | INFO     | uvicorn.error:76 - Application shutdown complete.
2026-09-08  11:33:39.822z | INFO     | uvicorn.error:104 - Finished server process [3360]
2026-09-08  11:33:46.447z | INFO     | storeapi.main:16 - Starting up the application...
2026-09-08  11:33:46.467z | INFO     | uvicorn.error:62 - Application startup complete.
2026-09-08  11:33:46.470z | INFO     | uvicorn.error:273 - Shutting down
2026-09-08  11:33:46.584z | INFO     | uvicorn.error:67 - Waiting for application shutdown.
2026-09-08  11:33:46.593z | INFO     | uvicorn.error:76 - Application shutdown complete.
2026-09-08  11:33:46.595z | INFO     | uvicorn.error:104 - Finished server process [22472]
2026-09-08  11:33:48.617z | INFO     | storeapi.main:16 - Starting up the application...
2026-09-08  11:33:48.636z | INFO     | uvicorn.error:62 - Application startup complete.
2026-09-08  11:33:48.749z | INFO     | uvicorn.error:273 - Shutting down
2026-09-08  11:33:48.858z | INFO     | uvicorn.error:67 - Waiting for application shutdown.
2026-09-08  11:33:48.863z | INFO     | uvicorn.error:76 - Application shutdown complete.
2026-09-08  11:33:48.865z | INFO     | uvicorn.error:104 - Finished server process [11036]
2026-09-08  11:33:50.911z | INFO     | storeapi.main:16 - Starting up the application...
2026-09-08  11:33:50.928z | INFO     | uvicorn.error:62 - Application startup complete.
2026-09-08  11:33:51.867z | INFO     | uvicorn.error:273 - Shutting down
2026-09-08  11:33:51.982z | INFO     | uvicorn.error:67 - Waiting for application shutdown.
2026-09-08  11:33:51.988z | INFO     | uvicorn.error:76 - Application shutdown complete.
2026-09-08  11:33:51.990z | INFO     | uvicorn.error:104 - Finished server process [19236]
2026-09-08  11:33:54.181z | INFO     | storeapi.main:16 - Starting up the application...
2026-09-08  11:33:54.199z | INFO     | uvicorn.error:62 - Application startup complete.
2026-09-08  11:33:55.713z | INFO     | uvicorn.error:273 - Shutting down
2026-09-08  11:33:55.817z | INFO     | uvicorn.error:67 - Waiting for application shutdown.
2026-09-08  11:33:55.825z | INFO     | uvicorn.error:76 - Application shutdown complete.
2026-09-08  11:33:55.827z | INFO     | uvicorn.error:104 - Finished server process [21296]
2026-09-08  11:33:57.946z | INFO     | storeapi.main:16 - Starting up the application...
2026-09-08  11:33:57.965z | INFO     | uvicorn.error:62 - Application startup complete.
2026-09-08  11:33:57.968z | INFO     | uvicorn.error:273 - Shutting down
2026-09-08  11:33:58.084z | INFO     | uvicorn.error:67 - Waiting for application shutdown.
2026-09-08  11:33:58.092z | INFO     | uvicorn.error:76 - Application shutdown complete.
2026-09-08  11:33:58.094z | INFO     | uvicorn.error:104 - Finished server process [19140]
2026-09-08  11:34:00.164z | INFO     | storeapi.main:16 - Starting up the application...
2026-09-08  11:34:00.182z | INFO     | uvicorn.error:62 - Application startup complete.
2026-09-08  11:34:11.183z | INFO     | uvicorn.error:273 - Shutting down
2026-09-08  11:34:11.293z | INFO     | uvicorn.error:67 - Waiting for application shutdown.
2026-09-08  11:34:11.299z | INFO     | uvicorn.error:76 - Application shutdown complete.
2026-09-08  11:34:11.302z | INFO     | uvicorn.error:104 - Finished server process [12756]
2026-09-08  11:34:37.722z | INFO     | storeapi.main:16 - Starting up the application...
2026-09-08  11:34:37.742z | INFO     | uvicorn.error:62 - Application startup complete.
2026-09-08  11:34:38.600z | INFO     | uvicorn.error:273 - Shutting down
2026-09-08  11:34:38.715z | INFO     | uvicorn.error:67 - Waiting for application shutdown.
2026-09-08  11:34:38.721z | INFO     | uvicorn.error:76 - Application shutdown complete.
2026-09-08  11:34:38.724z | INFO     | uvicorn.error:104 - Finished server process [4768]
2026-09-08  11:34:43.543z | INFO     | storeapi.main:16 - Starting up the application...
2026-09-08  11:34:43.561z | INFO     | uvicorn.error:62 - Application startup complete.
2026-09-08  11:34:48.282z | INFO     | uvicorn.error:273 - Shutting down
2026-09-08  11:34:48.396z | INFO     | uvicorn.error:67 - Waiting for application shutdown.
2026-09-08  11:34:48.401z | INFO     | uvicorn.error:76 - Application shutdown complete.
2026-09-08  11:34:48.403z | INFO     | uvicorn.error:104 - Finished server process [10452]
2026-09-08  11:34:50.523z | INFO     | storeapi.main:16 - Starting up the application...
2026-09-08  11:34:50.542z | INFO     | uvicorn.error:62 - Application startup complete.
2026-09-08  11:34:50.647z | INFO     | uvicorn.error:273 - Shutting down
2026-09-08  11:34:50.765z | INFO     | uvicorn.error:67 - Waiting for application shutdown.
2026-09-08  11:34:50.770z | INFO     | uvicorn.error:76 - Application shutdown complete.
2026-09-08  11:34:50.773z | INFO     | uvicorn.error:104 - Finished server process [14296]
2026-09-08  11:35:01.588z | INFO     | storeapi.main:16 - Starting up the application...
2026-09-08  11:35:01.606z | INFO     | uvicorn.error:62 - Application startup complete.
2026-09-08  11:35:02.463z | INFO     | uvicorn.error:273 - Shutting down
2026-09-08  11:35:02.578z | INFO     | uvicorn.error:67 - Waiting for application shutdown.
2026-09-08  11:35:02.584z | INFO     | uvicorn.error:76 - Application shutdown complete.
2026-09-08  11:35:02.586z | INFO     | uvicorn.error:104 - Finished server process [17788]
2026-09-08  11:35:04.627z | INFO     | storeapi.main:16 - Starting up the application...
2026-09-08  11:35:04.644z | INFO     | uvicorn.error:62 - Application startup complete.
2026-09-08  11:35:04.849z | INFO     | uvicorn.error:273 - Shutting down
2026-09-08  11:35:04.965z | INFO     | uvicorn.error:67 - Waiting for application shutdown.
2026-09-08  11:35:04.971z | INFO     | uvicorn.error:76 - Application shutdown complete.
2026-09-08  11:35:04.973z | INFO     | uvicorn.error:104 - Finished server process [21952]
2026-09-08  11:35:06.959z | INFO     | storeapi.main:16 - Starting up the application...
2026-09-08  11:35:06.979z | INFO     | uvicorn.error:62 - Application startup complete.
2026-09-08  11:35:12.599z | INFO     | uvicorn.error:273 - Shutting down
2026-09-08  11:35:12.717z | INFO     | uvicorn.error:67 - Waiting for application shutdown.
2026-09-08  11:35:12.723z | INFO     | uvicorn.error:76 - Application shutdown complete.
2026-09-08  11:35:12.725z | INFO     | uvicorn.error:104 - Finished server process [23216]
2026-09-08  11:35:14.786z | INFO     | storeapi.main:16 - Starting up the application...
2026-09-08  11:35:14.804z | INFO     | uvicorn.error:62 - Application startup complete.
2026-09-08  11:35:14.916z | INFO     | uvicorn.error:273 - Shutting down
2026-09-08  11:35:15.032z | INFO     | uvicorn.error:67 - Waiting for application shutdown.
2026-09-08  11:35:15.040z | INFO     | uvicorn.error:76 - Application shutdown complete.
2026-09-08  11:35:15.044z | INFO     | uvicorn.error:104 - Finished server process [12468]
2026-09-08  11:35:17.199z | INFO     | storeapi.main:16 - Starting up the application...
2026-09-08  11:35:17.218z | INFO     | uvicorn.error:62 - Application startup complete.
2026-09-08  11:35:18.848z | INFO     | uvicorn.error:273 - Shutting down
2026-09-08  11:35:18.966z | INFO     | uvicorn.error:67 - Waiting for application shutdown.
2026-09-08  11:35:18.977z | INFO     | uvicorn.error:76 - Application shutdown complete.
2026-09-08  11:35:18.980z | INFO     | uvicorn.error:104 - Finished server process [8224]
2026-09-08  11:35:21.136z | INFO     | storeapi.main:16 - Starting up the application...
2026-09-08  11:35:21.155z | INFO     | uvicorn.error:62 - Application startup complete.
2026-09-08  11:35:23.530z | INFO     | uvicorn.error:273 - Shutting down
2026-09-08  11:35:23.633z | INFO     | uvicorn.error:67 - Waiting for application shutdown.
2026-09-08  11:35:23.638z | INFO     | uvicorn.error:76 - Application shutdown complete.
2026-09-08  11:35:23.640z | INFO     | uvicorn.error:104 - Finished server process [8572]
2026-09-08  11:35:25.771z | INFO     | storeapi.main:16 - Starting up the application...
2026-09-08  11:35:25.790z | INFO     | uvicorn.error:62 - Application startup complete.
2026-09-08  11:35:25.900z | INFO     | uvicorn.error:273 - Shutting down
2026-09-08  11:35:26.016z | INFO     | uvicorn.error:67 - Waiting for application shutdown.
2026-09-08  11:35:26.021z | INFO     | uvicorn.error:76 - Application shutdown complete.
2026-09-08  11:35:26.023z | INFO     | uvicorn.error:104 - Finished server process [22216]
2026-09-08  11:35:28.124z | INFO     | storeapi.main:16 - Starting up the application...
2026-09-08  11:35:28.143z | INFO     | uvicorn.error:62 - Application startup complete.
2026-09-08  11:35:28.248z | INFO     | uvicorn.error:273 - Shutting down
2026-09-08  11:35:28.357z | INFO     | uvicorn.error:67 - Waiting for application shutdown.
2026-09-08  11:35:28.366z | INFO     | uvicorn.error:76 - Application shutdown complete.
2026-09-08  11:35:28.368z | INFO     | uvicorn.error:104 - Finished server process [7892]
2026-09-08  11:35:30.572z | INFO     | storeapi.main:16 - Starting up the application...
2026-09-08  11:35:30.594z | INFO     | uvicorn.error:62 - Application startup complete.
2026-09-08  11:35:36.666z | INFO     | uvicorn.error:273 - Shutting down
2026-09-08  11:35:36.781z | INFO     | uvicorn.error:67 - Waiting for application shutdown.
2026-09-08  11:35:36.786z | INFO     | uvicorn.error:76 - Application shutdown complete.
2026-09-08  11:35:36.788z | INFO     | uvicorn.error:104 - Finished server process [19520]
2026-09-08  11:35:38.919z | INFO     | storeapi.main:16 - Starting up the application...
2026-09-08  11:35:38.940z | INFO     | uvicorn.error:62 - Application startup complete.
2026-09-08  11:35:39.815z | INFO     | uvicorn.error:273 - Shutting down
2026-09-08  11:35:39.932z | INFO     | uvicorn.error:67 - Waiting for application shutdown.
2026-09-08  11:35:39.941z | INFO     | uvicorn.error:76 - Application shutdown complete.
2026-09-08  11:35:39.943z | INFO     | uvicorn.error:104 - Finished server process [9272]
2026-09-08  11:35:42.035z | INFO     | storeapi.main:16 - Starting up the application...
2026-09-08  11:35:42.059z | INFO     | uvicorn.error:62 - Application startup complete.
2026-09-08  11:35:43.674z | INFO     | uvicorn.error:273 - Shutting down
2026-09-08  11:35:43.786z | INFO     | uvicorn.error:67 - Waiting for application shutdown.
2026-09-08  11:35:43.792z | INFO     | uvicorn.error:76 - Application shutdown complete.
2026-09-08  11:35:43.794z | INFO     | uvicorn.error:104 - Finished server process [8728]
2026-09-08  11:35:45.894z | INFO     | storeapi.main:16 - Starting up the application...
2026-09-08  11:35:45.913z | INFO     | uvicorn.error:62 - Application startup complete.
2026-09-08  11:35:47.723z | INFO     | uvicorn.error:273 - Shutting down
2026-09-08  11:35:47.840z | INFO     | uvicorn.error:67 - Waiting for application shutdown.
2026-09-08  11:35:47.850z | INFO     | uvicorn.error:76 - Application shutdown complete.
2026-09-08  11:35:47.855z | INFO     | uvicorn.error:104 - Finished server process [7768]
2026-09-08  11:35:50.018z | INFO     | storeapi.main:16 - Starting up the application...
2026-09-08  11:35:50.037z | INFO     | uvicorn.error:62 - Application startup complete.
2026-09-08  11:35:50.913z | INFO     | uvicorn.error:273 - Shutting down
2026-09-08  11:35:51.031z | INFO     | uvicorn.error:67 - Waiting for application shutdown.
2026-09-08  11:35:51.036z | INFO     | uvicorn.error:76 - Application shutdown complete.
2026-09-08  11:35:51.038z | INFO     | uvicorn.error:104 - Finished server process [7204]
2026-09-08  11:36:09.611z | INFO     | storeapi.main:16 - Starting up the application...
2026-09-08  11:36:09.631z | INFO     | uvicorn.error:62 - Application startup complete.
2026-09-08  11:36:09.636z | INFO     | uvicorn.error:273 - Shutting down
2026-09-08  11:36:09.746z | INFO     | uvicorn.error:67 - Waiting for application shutdown.
2026-09-08  11:36:09.752z | INFO     | uvicorn.error:76 - Application shutdown complete.
2026-09-08  11:36:09.754z | INFO     | uvicorn.error:104 - Finished server process [23544]
2026-09-08  11:36:14.002z | INFO     | storeapi.main:16 - Starting up the application...
2026-09-08  11:36:14.025z | INFO     | uvicorn.error:62 - Application startup complete.
2026-09-08  11:36:14.028z | INFO     | uvicorn.error:273 - Shutting down
2026-09-08  11:36:14.135z | INFO     | uvicorn.error:67 - Waiting for application shutdown.
2026-09-08  11:36:14.143z | INFO     | uvicorn.error:76 - Application shutdown complete.
2026-09-08  11:36:14.146z | INFO     | uvicorn.error:104 - Finished server process [15312]
2026-09-08  11:36:16.187z | INFO     | storeapi.main:16 - Starting up the application...
2026-09-08  11:36:16.204z | INFO     | uvicorn.error:62 - Application startup complete.
2026-09-08  11:36:46.975z | INFO     | uvicorn.error:273 - Shutting down
2026-09-08  11:36:47.080z | INFO     | uvicorn.error:67 - Waiting for application shutdown.
2026-09-08  11:36:47.085z | INFO     | uvicorn.error:76 - Application shutdown complete.
2026-09-08  11:36:47.087z | INFO     | uvicorn.error:104 - Finished server process [10672]
2026-09-08  11:36:49.419z | INFO     | storeapi.main:16 - Starting up the application...
2026-09-08  11:36:49.441z | INFO     | uvicorn.error:62 - Application startup complete.
2026-09-08  11:36:49.445z | INFO     | uvicorn.error:273 - Shutting down
2026-09-08  11:36:49.563z | INFO     | uvicorn.error:67 - Waiting for application shutdown.
2026-09-08  11:36:49.568z | INFO     | uvicorn.error:76 - Application shutdown complete.
2026-09-08  11:36:49.571z | INFO     | uvicorn.error:104 - Finished server process [6252]
2026-09-08  11:36:51.586z | INFO     | storeapi.main:16 - Starting up the application...
2026-09-08  11:36:51.605z | INFO     | uvicorn.error:62 - Application startup complete.
2026-09-08  11:36:55.799z | INFO     | uvicorn.error:273 - Shutting down
2026-09-08  11:36:55.909z | INFO     | uvicorn.error:67 - Waiting for application shutdown.
2026-09-08  11:36:55.914z | INFO     | uvicorn.error:76 - Application shutdown complete.
2026-09-08  11:36:55.916z | INFO     | uvicorn.error:104 - Finished server process [9636]
2026-09-08  11:36:58.248z | INFO     | storeapi.main:16 - Starting up the application...
2026-09-08  11:36:58.268z | INFO     | uvicorn.error:62 - Application startup complete.
2026-09-08  11:36:58.372z | INFO     | uvicorn.error:273 - Shutting down
2026-09-08  11:36:58.486z | INFO     | uvicorn.error:67 - Waiting for application shutdown.
2026-09-08  11:36:58.494z | INFO     | uvicorn.error:76 - Application shutdown complete.
2026-09-08  11:36:58.498z | INFO     | uvicorn.error:104 - Finished server process [17984]
2026-09-08  11:37:00.919z | INFO     | storeapi.main:16 - Starting up the application...
2026-09-08  11:37:00.940z | INFO     | uvicorn.error:62 - Application startup complete.
2026-09-08  11:37:00.943z | INFO     | uvicorn.error:273 - Shutting down
2026-09-08  11:37:01.048z | INFO     | uvicorn.error:67 - Waiting for application shutdown.
2026-09-08  11:37:01.053z | INFO     | uvicorn.error:76 - Application shutdown complete.
2026-09-08  11:37:01.056z | INFO     | uvicorn.error:104 - Finished server process [11824]
2026-09-08  11:37:03.153z | INFO     | storeapi.main:16 - Starting up the application...
2026-09-08  11:37:03.172z | INFO     | uvicorn.error:62 - Application startup complete.
2026-09-08  11:37:05.696z | INFO     | uvicorn.error:273 - Shutting down
2026-09-08  11:37:05.813z | INFO     | uvicorn.error:67 - Waiting for application shutdown.
2026-09-08  11:37:05.819z | INFO     | uvicorn.error:76 - Application shutdown complete.
2026-09-08  11:37:05.822z | INFO     | uvicorn.error:104 - Finished server process [5636]
2026-09-08  11:37:07.967z | INFO     | storeapi.main:16 - Starting up the application...
2026-09-08  11:37:07.988z | INFO     | uvicorn.error:62 - Application startup complete.
2026-09-08  11:37:28.461z | INFO     | uvicorn.error:273 - Shutting down
2026-09-08  11:37:28.568z | INFO     | uvicorn.error:67 - Waiting for application shutdown.
2026-09-08  11:37:28.575z | INFO     | uvicorn.error:76 - Application shutdown complete.
2026-09-08  11:37:28.577z | INFO     | uvicorn.error:104 - Finished server process [6376]
2026-09-08  11:37:30.740z | INFO     | storeapi.main:16 - Starting up the application...
2026-09-08  11:37:30.759z | INFO     | uvicorn.error:62 - Application startup complete.
2026-09-08  11:37:34.056z | INFO     | uvicorn.error:273 - Shutting down
2026-09-08  11:37:34.160z | INFO     | uvicorn.error:67 - Waiting for application shutdown.
2026-09-08  11:37:34.169z | INFO     | uvicorn.error:76 - Application shutdown complete.
2026-09-08  11:37:34.172z | INFO     | uvicorn.error:104 - Finished server process [5180]
2026-09-08  11:37:36.723z | INFO     | storeapi.main:16 - Starting up the application...
2026-09-08  11:37:36.745z | INFO     | uvicorn.error:62 - Application startup complete.
2026-09-08  11:37:42.480z | INFO     | uvicorn.error:273 - Shutting down
2026-09-08  11:37:42.597z | INFO     | uvicorn.error:67 - Waiting for application shutdown.
2026-09-08  11:37:42.602z | INFO     | uvicorn.error:76 - Application shutdown complete.
2026-09-08  11:37:42.605z | INFO     | uvicorn.error:104 - Finished server process [10984]
2026-09-08  11:37:44.835z | INFO     | storeapi.main:16 - Starting up the application...
2026-09-08  11:37:44.856z | INFO     | uvicorn.error:62 - Application startup complete.
2026-09-08  11:37:53.204z | INFO     | uvicorn.error:273 - Shutting down
2026-09-08  11:37:53.313z | INFO     | uvicorn.error:67 - Waiting for application shutdown.
2026-09-08  11:37:53.319z | INFO     | uvicorn.error:76 - Application shutdown complete.
2026-09-08  11:37:53.321z | INFO     | uvicorn.error:104 - Finished server process [6904]
2026-09-08  11:38:38.141z | INFO     | storeapi.main:16 - Starting up the application...
2026-09-08  11:38:38.161z | INFO     | uvicorn.error:62 - Application startup complete.
2026-09-08  11:38:42.832z | INFO     | uvicorn.error:273 - Shutting down
2026-09-08  11:38:42.946z | INFO     | uvicorn.error:67 - Waiting for application shutdown.
2026-09-08  11:38:42.952z | INFO     | uvicorn.error:76 - Application shutdown complete.
2026-09-08  11:38:42.954z | INFO     | uvicorn.error:104 - Finished server process [18268]
2026-09-08  11:38:45.251z | INFO     | storeapi.main:16 - Starting up the application...
2026-09-08  11:38:45.282z | INFO     | uvicorn.error:62 - Application startup complete.
2026-09-08  11:38:46.830z | INFO     | uvicorn.error:273 - Shutting down
2026-09-08  11:38:46.943z | INFO     | uvicorn.error:67 - Waiting for application shutdown.
2026-09-08  11:38:46.950z | INFO     | uvicorn.error:76 - Application shutdown complete.
2026-09-08  11:38:46.952z | INFO     | uvicorn.error:104 - Finished server process [1664]
2026-09-08  11:38:49.224z | INFO     | storeapi.main:16 - Starting up the application...
2026-09-08  11:38:49.250z | INFO     | uvicorn.error:62 - Application startup complete.
2026-09-08  11:38:52.452z | INFO     | uvicorn.error:273 - Shutting down
2026-09-08  11:38:52.563z | INFO     | uvicorn.error:67 - Waiting for application shutdown.
2026-09-08  11:38:52.568z | INFO     | uvicorn.error:76 - Application shutdown complete.
2026-09-08  11:38:52.570z | INFO     | uvicorn.error:104 - Finished server process [19200]
2026-09-08  11:38:54.845z | INFO     | storeapi.main:16 - Starting up the application...
2026-09-08  11:38:54.864z | INFO     | uvicorn.error:62 - Application startup complete.
2026-09-08  11:38:54.867z | INFO     | uvicorn.error:273 - Shutting down
2026-09-08  11:38:54.977z | INFO     | uvicorn.error:67 - Waiting for application shutdown.
2026-09-08  11:38:54.983z | INFO     | uvicorn.error:76 - Application shutdown complete.
2026-09-08  11:38:54.986z | INFO     | uvicorn.error:104 - Finished server process [22620]
2026-09-08  11:38:57.140z | INFO     | storeapi.main:16 - Starting up the application...
2026-09-08  11:38:57.159z | INFO     | uvicorn.error:62 - Application startup complete.
2026-09-08  11:38:57.262z | INFO     | uvicorn.error:273 - Shutting down
2026-09-08  11:38:57.379z | INFO     | uvicorn.error:67 - Waiting for application shutdown.
2026-09-08  11:38:57.384z | INFO     | uvicorn.error:76 - Application shutdown complete.
2026-09-08  11:38:57.386z | INFO     | uvicorn.error:104 - Finished server process [22384]
2026-09-08  11:38:59.571z | INFO     | storeapi.main:16 - Starting up the application...
2026-09-08  11:38:59.591z | INFO     | uvicorn.error:62 - Application startup complete.
2026-09-08  11:39:01.195z | INFO     | uvicorn.error:273 - Shutting down
2026-09-08  11:39:01.300z | INFO     | uvicorn.error:67 - Waiting for application shutdown.
2026-09-08  11:39:01.308z | INFO     | uvicorn.error:76 - Application shutdown complete.
2026-09-08  11:39:01.312z | INFO     | uvicorn.error:104 - Finished server process [6076]
2026-09-08  11:39:06.110z | INFO     | storeapi.main:16 - Starting up the application...
2026-09-08  11:39:06.129z | INFO     | uvicorn.error:62 - Application startup complete.
2026-09-08  11:39:06.131z | INFO     | uvicorn.error:273 - Shutting down
2026-09-08  11:39:06.246z | INFO     | uvicorn.error:67 - Waiting for application shutdown.
2026-09-08  11:39:06.252z | INFO     | uvicorn.error:76 - Application shutdown complete.
2026-09-08  11:39:06.254z | INFO     | uvicorn.error:104 - Finished server process [22784]
2026-09-08  11:39:08.516z | INFO     | storeapi.main:16 - Starting up the application...
2026-09-08  11:39:08.539z | INFO     | uvicorn.error:62 - Application startup complete.
2026-09-08  11:39:09.399z | INFO     | uvicorn.error:273 - Shutting down
2026-09-08  11:39:09.512z | INFO     | uvicorn.error:67 - Waiting for application shutdown.
2026-09-08  11:39:09.520z | INFO     | uvicorn.error:76 - Application shutdown complete.
2026-09-08  11:39:09.523z | INFO     | uvicorn.error:104 - Finished server process [11660]
2026-09-08  11:39:13.876z | INFO     | storeapi.main:16 - Starting up the application...
2026-09-08  11:39:13.899z | INFO     | uvicorn.error:62 - Application startup complete.
2026-09-08  11:39:13.903z | INFO     | uvicorn.error:273 - Shutting down
2026-09-08  11:39:14.012z | INFO     | uvicorn.error:67 - Waiting for application shutdown.
2026-09-08  11:39:14.019z | INFO     | uvicorn.error:76 - Application shutdown complete.
2026-09-08  11:39:14.021z | INFO     | uvicorn.error:104 - Finished server process [10296]
2026-09-08  11:39:16.071z | INFO     | storeapi.main:16 - Starting up the application...
2026-09-08  11:39:16.088z | INFO     | uvicorn.error:62 - Application startup complete.
2026-09-08  11:39:17.046z | INFO     | uvicorn.error:273 - Shutting down
2026-09-08  11:39:17.163z | INFO     | uvicorn.error:67 - Waiting for application shutdown.
2026-09-08  11:39:17.170z | INFO     | uvicorn.error:76 - Application shutdown complete.
2026-09-08  11:39:17.172z | INFO     | uvicorn.error:104 - Finished server process [23520]
2026-09-08  11:39:19.298z | INFO     | storeapi.main:16 - Starting up the application...
2026-09-08  11:39:19.317z | INFO     | uvicorn.error:62 - Application startup complete.
2026-09-08  11:39:37.245z | INFO     | uvicorn.error:273 - Shutting down
2026-09-08  11:39:37.359z | INFO     | uvicorn.error:67 - Waiting for application shutdown.
2026-09-08  11:39:37.369z | INFO     | uvicorn.error:76 - Application shutdown complete.
2026-09-08  11:39:37.372z | INFO     | uvicorn.error:104 - Finished server process [20576]
2026-09-08  11:39:39.457z | INFO     | storeapi.main:16 - Starting up the application...
2026-09-08  11:39:39.478z | INFO     | uvicorn.error:62 - Application startup complete.
2026-09-08  11:39:45.630z | INFO     | uvicorn.error:273 - Shutting down
2026-09-08  11:39:45.745z | INFO     | uvicorn.error:67 - Waiting for application shutdown.
2026-09-08  11:39:45.751z | INFO     | uvicorn.error:76 - Application shutdown complete.
2026-09-08  11:39:45.753z | INFO     | uvicorn.error:104 - Finished server process [23248]
2026-09-08  11:39:47.747z | INFO     | storeapi.main:16 - Starting up the application...
2026-09-08  11:39:47.770z | INFO     | uvicorn.error:62 - Application startup complete.
2026-09-08  11:39:50.979z | INFO     | uvicorn.error:273 - Shutting down
2026-09-08  11:39:51.095z | INFO     | uvicorn.error:67 - Waiting for application shutdown.
2026-09-08  11:39:51.100z | INFO     | uvicorn.error:76 - Application shutdown complete.
2026-09-08  11:39:51.102z | INFO     | uvicorn.error:104 - Finished server process [8364]
2026-09-08  11:39:53.286z | INFO     | storeapi.main:16 - Starting up the application...
2026-09-08  11:39:53.306z | INFO     | uvicorn.error:62 - Application startup complete.
2026-09-08  11:39:56.424z | INFO     | uvicorn.error:273 - Shutting down
2026-09-08  11:39:56.529z | INFO     | uvicorn.error:67 - Waiting for application shutdown.
2026-09-08  11:39:56.537z | INFO     | uvicorn.error:76 - Application shutdown complete.
2026-09-08  11:39:56.539z | INFO     | uvicorn.error:104 - Finished server process [4392]
2026-09-08  11:39:58.703z | INFO     | storeapi.main:16 - Starting up the application...
2026-09-08  11:39:58.727z | INFO     | uvicorn.error:62 - Application startup complete.
2026-09-08  11:39:58.730z | INFO     | uvicorn.error:273 - Shutting down
2026-09-08  11:39:58.843z | INFO     | uvicorn.error:67 - Waiting for application shutdown.
2026-09-08  11:39:58.848z | INFO     | uvicorn.error:76 - Application shutdown complete.
2026-09-08  11:39:58.850z | INFO     | uvicorn.error:104 - Finished server process [20424]
2026-09-08  11:40:00.971z | INFO     | storeapi.main:16 - Starting up the application...
2026-09-08  11:40:00.989z | INFO     | uvicorn.error:62 - Application startup complete.
2026-09-08  11:40:03.394z | INFO     | uvicorn.error:273 - Shutting down
2026-09-08  11:40:03.511z | INFO     | uvicorn.error:67 - Waiting for application shutdown.
2026-09-08  11:40:03.517z | INFO     | uvicorn.error:76 - Application shutdown complete.
2026-09-08  11:40:03.519z | INFO     | uvicorn.error:104 - Finished server process [22064]
2026-09-08  11:40:05.667z | INFO     | storeapi.main:16 - Starting up the application...
2026-09-08  11:40:05.686z | INFO     | uvicorn.error:62 - Application startup complete.
2026-09-08  11:40:09.612z | INFO     | uvicorn.error:273 - Shutting down
2026-09-08  11:40:09.727z | INFO     | uvicorn.error:67 - Waiting for application shutdown.
2026-09-08  11:40:09.736z | INFO     | uvicorn.error:76 - Application shutdown complete.
2026-09-08  11:40:09.738z | INFO     | uvicorn.error:104 - Finished server process [23396]
2026-09-08  11:40:11.816z | INFO     | storeapi.main:16 - Starting up the application...
2026-09-08  11:40:11.836z | INFO     | uvicorn.error:62 - Application startup complete.
2026-09-08  11:40:12.690z | INFO     | uvicorn.error:273 - Shutting down
2026-09-08  11:40:12.805z | INFO     | uvicorn.error:67 - Waiting for application shutdown.
2026-09-08  11:40:12.812z | INFO     | uvicorn.error:76 - Application shutdown complete.
2026-09-08  11:40:12.815z | INFO     | uvicorn.error:104 - Finished server process [15712]
2026-09-08  11:40:14.941z | INFO     | storeapi.main:16 - Starting up the application...
2026-09-08  11:40:14.961z | INFO     | uvicorn.error:62 - Application startup complete.
2026-09-08  11:40:14.965z | INFO     | uvicorn.error:273 - Shutting down
2026-09-08  11:40:15.069z | INFO     | uvicorn.error:67 - Waiting for application shutdown.
2026-09-08  11:40:15.074z | INFO     | uvicorn.error:76 - Application shutdown complete.
2026-09-08  11:40:15.076z | INFO     | uvicorn.error:104 - Finished server process [19672]
2026-09-08  11:40:17.232z | INFO     | storeapi.main:16 - Starting up the application...
2026-09-08  11:40:17.249z | INFO     | uvicorn.error:62 - Application startup complete.
2026-09-08  11:40:18.094z | INFO     | uvicorn.error:273 - Shutting down
2026-09-08  11:40:18.213z | INFO     | uvicorn.error:67 - Waiting for application shutdown.
2026-09-08  11:40:18.218z | INFO     | uvicorn.error:76 - Application shutdown complete.
2026-09-08  11:40:18.221z | INFO     | uvicorn.error:104 - Finished server process [7556]
2026-09-08  11:40:20.351z | INFO     | storeapi.main:16 - Starting up the application...
2026-09-08  11:40:20.371z | INFO     | uvicorn.error:62 - Application startup complete.
2026-09-08  11:40:20.477z | INFO     | uvicorn.error:273 - Shutting down
2026-09-08  11:40:20.589z | INFO     | uvicorn.error:67 - Waiting for application shutdown.
2026-09-08  11:40:20.596z | INFO     | uvicorn.error:76 - Application shutdown complete.
2026-09-08  11:40:20.598z | INFO     | uvicorn.error:104 - Finished server process [18812]
2026-09-08  11:40:22.755z | INFO     | storeapi.main:16 - Starting up the application...
2026-09-08  11:40:22.775z | INFO     | uvicorn.error:62 - Application startup complete.
2026-09-08  11:40:23.536z | INFO     | uvicorn.error:273 - Shutting down
2026-09-08  11:40:23.646z | INFO     | uvicorn.error:67 - Waiting for application shutdown.
2026-09-08  11:40:23.656z | INFO     | uvicorn.error:76 - Application shutdown complete.
2026-09-08  11:40:23.658z | INFO     | uvicorn.error:104 - Finished server process [14452]
2026-09-08  11:40:25.754z | INFO     | storeapi.main:16 - Starting up the application...
2026-09-08  11:40:25.773z | INFO     | uvicorn.error:62 - Application startup complete.
2026-09-08  11:40:25.775z | INFO     | uvicorn.error:273 - Shutting down
2026-09-08  11:40:25.892z | INFO     | uvicorn.error:67 - Waiting for application shutdown.
2026-09-08  11:40:25.900z | INFO     | uvicorn.error:76 - Application shutdown complete.
2026-09-08  11:40:25.902z | INFO     | uvicorn.error:104 - Finished server process [8932]
2026-09-08  11:40:32.654z | INFO     | storeapi.main:16 - Starting up the application...
2026-09-08  11:40:32.673z | INFO     | uvicorn.error:62 - Application startup complete.
2026-09-08  11:40:32.778z | INFO     | uvicorn.error:273 - Shutting down
2026-09-08  11:40:32.888z | INFO     | uvicorn.error:67 - Waiting for application shutdown.
2026-09-08  11:40:32.894z | INFO     | uvicorn.error:76 - Application shutdown complete.
2026-09-08  11:40:32.896z | INFO     | uvicorn.error:104 - Finished server process [15472]
2026-09-08  11:40:34.900z | INFO     | storeapi.main:16 - Starting up the application...
2026-09-08  11:40:34.917z | INFO     | uvicorn.error:62 - Application startup complete.
2026-09-08  11:40:39.741z | INFO     | uvicorn.error:273 - Shutting down
2026-09-08  11:40:39.845z | INFO     | uvicorn.error:67 - Waiting for application shutdown.
2026-09-08  11:40:39.850z | INFO     | uvicorn.error:76 - Application shutdown complete.
2026-09-08  11:40:39.852z | INFO     | uvicorn.error:104 - Finished server process [456]
2026-09-08  11:40:42.024z | INFO     | storeapi.main:16 - Starting up the application...
2026-09-08  11:40:42.044z | INFO     | uvicorn.error:62 - Application startup complete.
2026-09-08  11:40:44.495z | INFO     | uvicorn.error:273 - Shutting down
2026-09-08  11:40:44.611z | INFO     | uvicorn.error:67 - Waiting for application shutdown.
2026-09-08  11:40:44.616z | INFO     | uvicorn.error:76 - Application shutdown complete.
2026-09-08  11:40:44.619z | INFO     | uvicorn.error:104 - Finished server process [8052]
2026-09-08  11:40:46.655z | INFO     | storeapi.main:16 - Starting up the application...
2026-09-08  11:40:46.676z | INFO     | uvicorn.error:62 - Application startup complete.
2026-09-08  11:40:47.530z | INFO     | uvicorn.error:273 - Shutting down
2026-09-08  11:40:47.634z | INFO     | uvicorn.error:67 - Waiting for application shutdown.
2026-09-08  11:40:47.640z | INFO     | uvicorn.error:76 - Application shutdown complete.
2026-09-08  11:40:47.642z | INFO     | uvicorn.error:104 - Finished server process [17260]
2026-09-08  11:40:49.732z | INFO     | storeapi.main:16 - Starting up the application...
2026-09-08  11:40:49.750z | INFO     | uvicorn.error:62 - Application startup complete.
2026-09-08  11:45:43.959z | INFO     | uvicorn.error:273 - Shutting down
2026-09-08  11:45:44.073z | INFO     | uvicorn.error:67 - Waiting for application shutdown.
2026-09-08  11:45:44.080z | INFO     | uvicorn.error:76 - Application shutdown complete.
2026-09-08  11:45:44.082z | INFO     | uvicorn.error:104 - Finished server process [16224]
2026-09-08  11:45:46.254z | INFO     | storeapi.main:16 - Starting up the application...
2026-09-08  11:45:46.273z | INFO     | uvicorn.error:62 - Application startup complete.
2026-09-08  11:45:47.794z | INFO     | uvicorn.error:273 - Shutting down
2026-09-08  11:45:47.907z | INFO     | uvicorn.error:67 - Waiting for application shutdown.
2026-09-08  11:45:47.916z | INFO     | uvicorn.error:76 - Application shutdown complete.
2026-09-08  11:45:47.918z | INFO     | uvicorn.error:104 - Finished server process [21556]
2026-09-08  11:45:49.938z | INFO     | storeapi.main:16 - Starting up the application...
2026-09-08  11:45:49.957z | INFO     | uvicorn.error:62 - Application startup complete.
2026-09-08  11:45:50.857z | INFO     | uvicorn.error:273 - Shutting down
2026-09-08  11:45:50.976z | INFO     | uvicorn.error:67 - Waiting for application shutdown.
2026-09-08  11:45:50.984z | INFO     | uvicorn.error:76 - Application shutdown complete.
2026-09-08  11:45:50.987z | INFO     | uvicorn.error:104 - Finished server process [11064]
2026-09-08  11:45:53.117z | INFO     | storeapi.main:16 - Starting up the application...
2026-09-08  11:45:53.146z | INFO     | uvicorn.error:62 - Application startup complete.
2026-09-08  11:47:30.597z | INFO     | uvicorn.error:273 - Shutting down
2026-09-08  11:47:30.722z | INFO     | uvicorn.error:67 - Waiting for application shutdown.
2026-09-08  11:47:30.731z | INFO     | uvicorn.error:76 - Application shutdown complete.
2026-09-08  11:47:30.734z | INFO     | uvicorn.error:104 - Finished server process [15364]
2026-09-08  11:47:33.024z | INFO     | storeapi.main:16 - Starting up the application...
2026-09-08  11:47:33.044z | INFO     | uvicorn.error:62 - Application startup complete.
2026-09-08  11:47:34.788z | INFO     | uvicorn.error:273 - Shutting down
2026-09-08  11:47:34.912z | INFO     | uvicorn.error:67 - Waiting for application shutdown.
2026-09-08  11:47:34.922z | INFO     | uvicorn.error:76 - Application shutdown complete.
2026-09-08  11:47:34.925z | INFO     | uvicorn.error:104 - Finished server process [23532]
2026-09-08  11:49:35.614z | INFO     | storeapi.main:16 - Starting up the application...
2026-09-08  11:49:35.634z | INFO     | uvicorn.error:62 - Application startup complete.
2026-09-08  11:49:35.738z | INFO     | uvicorn.error:273 - Shutting down
2026-09-08  11:49:35.856z | INFO     | uvicorn.error:67 - Waiting for application shutdown.
2026-09-08  11:49:35.863z | INFO     | uvicorn.error:76 - Application shutdown complete.
2026-09-08  11:49:35.865z | INFO     | uvicorn.error:104 - Finished server process [23444]
2026-09-08  11:49:41.486z | INFO     | storeapi.main:16 - Starting up the application...
2026-09-08  11:49:41.505z | INFO     | uvicorn.error:62 - Application startup complete.
2026-09-08  11:49:43.206z | INFO     | uvicorn.error:273 - Shutting down
2026-09-08  11:49:43.312z | INFO     | uvicorn.error:67 - Waiting for application shutdown.
2026-09-08  11:49:43.321z | INFO     | uvicorn.error:76 - Application shutdown complete.
2026-09-08  11:49:43.324z | INFO     | uvicorn.error:104 - Finished server process [3884]
2026-09-08  11:49:45.487z | INFO     | storeapi.main:16 - Starting up the application...
2026-09-08  11:49:45.509z | INFO     | uvicorn.error:62 - Application startup complete.
2026-09-08  11:49:45.515z | INFO     | uvicorn.error:273 - Shutting down
2026-09-08  11:49:45.620z | INFO     | uvicorn.error:67 - Waiting for application shutdown.
2026-09-08  11:49:45.628z | INFO     | uvicorn.error:76 - Application shutdown complete.
2026-09-08  11:49:45.631z | INFO     | uvicorn.error:104 - Finished server process [20528]
2026-09-08  11:49:47.783z | INFO     | storeapi.main:16 - Starting up the application...
2026-09-08  11:49:47.811z | INFO     | uvicorn.error:62 - Application startup complete.
2026-09-08  11:49:47.923z | INFO     | uvicorn.error:273 - Shutting down
2026-09-08  11:49:48.039z | INFO     | uvicorn.error:67 - Waiting for application shutdown.
2026-09-08  11:49:48.045z | INFO     | uvicorn.error:76 - Application shutdown complete.
2026-09-08  11:49:48.048z | INFO     | uvicorn.error:104 - Finished server process [8620]
2026-09-08  11:49:50.135z | INFO     | storeapi.main:16 - Starting up the application...
2026-09-08  11:49:50.155z | INFO     | uvicorn.error:62 - Application startup complete.
2026-09-08  11:49:50.158z | INFO     | uvicorn.error:273 - Shutting down
2026-09-08  11:49:50.268z | INFO     | uvicorn.error:67 - Waiting for application shutdown.
2026-09-08  11:49:50.276z | INFO     | uvicorn.error:76 - Application shutdown complete.
2026-09-08  11:49:50.278z | INFO     | uvicorn.error:104 - Finished server process [20060]
2026-09-08  11:49:52.343z | INFO     | storeapi.main:16 - Starting up the application...
2026-09-08  11:49:52.372z | INFO     | uvicorn.error:62 - Application startup complete.
2026-09-08  11:49:52.484z | INFO     | uvicorn.error:273 - Shutting down
2026-09-08  11:49:52.600z | INFO     | uvicorn.error:67 - Waiting for application shutdown.
2026-09-08  11:49:52.606z | INFO     | uvicorn.error:76 - Application shutdown complete.
2026-09-08  11:49:52.609z | INFO     | uvicorn.error:104 - Finished server process [3204]
2026-09-08  11:49:54.782z | INFO     | storeapi.main:16 - Starting up the application...
2026-09-08  11:49:54.802z | INFO     | uvicorn.error:62 - Application startup complete.
2026-09-08  11:49:54.907z | INFO     | uvicorn.error:273 - Shutting down
2026-09-08  11:49:55.023z | INFO     | uvicorn.error:67 - Waiting for application shutdown.
2026-09-08  11:49:55.031z | INFO     | uvicorn.error:76 - Application shutdown complete.
2026-09-08  11:49:55.034z | INFO     | uvicorn.error:104 - Finished server process [10296]
2026-09-08  11:49:57.145z | INFO     | storeapi.main:16 - Starting up the application...
2026-09-08  11:49:57.168z | INFO     | uvicorn.error:62 - Application startup complete.
2026-09-08  11:49:58.120z | INFO     | uvicorn.error:273 - Shutting down
2026-09-08  11:49:58.227z | INFO     | uvicorn.error:67 - Waiting for application shutdown.
2026-09-08  11:49:58.234z | INFO     | uvicorn.error:76 - Application shutdown complete.
2026-09-08  11:49:58.236z | INFO     | uvicorn.error:104 - Finished server process [23064]
2026-09-08  11:50:01.512z | INFO     | storeapi.main:16 - Starting up the application...
2026-09-08  11:50:01.531z | INFO     | uvicorn.error:62 - Application startup complete.
2026-09-08  11:50:05.670z | INFO     | uvicorn.error:273 - Shutting down
2026-09-08  11:50:05.791z | INFO     | uvicorn.error:67 - Waiting for application shutdown.
2026-09-08  11:50:05.799z | INFO     | uvicorn.error:76 - Application shutdown complete.
2026-09-08  11:50:05.801z | INFO     | uvicorn.error:104 - Finished server process [456]
2026-09-08  11:50:07.860z | INFO     | storeapi.main:16 - Starting up the application...
2026-09-08  11:50:07.879z | INFO     | uvicorn.error:62 - Application startup complete.
2026-09-08  11:50:08.738z | INFO     | uvicorn.error:273 - Shutting down
2026-09-08  11:50:08.855z | INFO     | uvicorn.error:67 - Waiting for application shutdown.
2026-09-08  11:50:08.861z | INFO     | uvicorn.error:76 - Application shutdown complete.
2026-09-08  11:50:08.864z | INFO     | uvicorn.error:104 - Finished server process [22216]
2026-09-08  11:50:11.052z | INFO     | storeapi.main:16 - Starting up the application...
2026-09-08  11:50:11.071z | INFO     | uvicorn.error:62 - Application startup complete.
2026-09-08  11:50:11.074z | INFO     | uvicorn.error:273 - Shutting down
2026-09-08  11:50:11.189z | INFO     | uvicorn.error:67 - Waiting for application shutdown.
2026-09-08  11:50:11.198z | INFO     | uvicorn.error:76 - Application shutdown complete.
2026-09-08  11:50:11.201z | INFO     | uvicorn.error:104 - Finished server process [17072]
2026-09-08  11:50:13.433z | INFO     | storeapi.main:16 - Starting up the application...
2026-09-08  11:50:13.464z | INFO     | uvicorn.error:62 - Application startup complete.
2026-09-08  11:50:14.318z | INFO     | uvicorn.error:273 - Shutting down
2026-09-08  11:50:14.426z | INFO     | uvicorn.error:67 - Waiting for application shutdown.
2026-09-08  11:50:14.432z | INFO     | uvicorn.error:76 - Application shutdown complete.
2026-09-08  11:50:14.435z | INFO     | uvicorn.error:104 - Finished server process [22936]
2026-09-08  11:50:16.445z | INFO     | storeapi.main:16 - Starting up the application...
2026-09-08  11:50:16.464z | INFO     | uvicorn.error:62 - Application startup complete.
2026-09-08  11:50:19.785z | INFO     | uvicorn.error:273 - Shutting down
2026-09-08  11:50:19.905z | INFO     | uvicorn.error:67 - Waiting for application shutdown.
2026-09-08  11:50:19.913z | INFO     | uvicorn.error:76 - Application shutdown complete.
2026-09-08  11:50:19.916z | INFO     | uvicorn.error:104 - Finished server process [5932]
2026-09-08  11:50:22.061z | INFO     | storeapi.main:16 - Starting up the application...
2026-09-08  11:50:22.080z | INFO     | uvicorn.error:62 - Application startup complete.
2026-09-08  11:50:22.082z | INFO     | uvicorn.error:273 - Shutting down
2026-09-08  11:50:22.199z | INFO     | uvicorn.error:67 - Waiting for application shutdown.
2026-09-08  11:50:22.205z | INFO     | uvicorn.error:76 - Application shutdown complete.
2026-09-08  11:50:22.207z | INFO     | uvicorn.error:104 - Finished server process [22448]
2026-09-08  11:50:24.421z | INFO     | storeapi.main:16 - Starting up the application...
2026-09-08  11:50:24.441z | INFO     | uvicorn.error:62 - Application startup complete.
2026-09-08  11:50:25.288z | INFO     | uvicorn.error:273 - Shutting down
2026-09-08  11:50:25.401z | INFO     | uvicorn.error:67 - Waiting for application shutdown.
2026-09-08  11:50:25.410z | INFO     | uvicorn.error:76 - Application shutdown complete.
2026-09-08  11:50:25.412z | INFO     | uvicorn.error:104 - Finished server process [308]
2026-09-08  11:50:27.667z | INFO     | storeapi.main:16 - Starting up the application...
2026-09-08  11:50:27.690z | INFO     | uvicorn.error:62 - Application startup complete.
2026-09-08  11:50:28.450z | INFO     | uvicorn.error:273 - Shutting down
2026-09-08  11:50:28.555z | INFO     | uvicorn.error:67 - Waiting for application shutdown.
2026-09-08  11:50:28.563z | INFO     | uvicorn.error:76 - Application shutdown complete.
2026-09-08  11:50:28.566z | INFO     | uvicorn.error:104 - Finished server process [14160]
2026-09-08  11:50:30.637z | INFO     | storeapi.main:16 - Starting up the application...
2026-09-08  11:50:30.657z | INFO     | uvicorn.error:62 - Application startup complete.
2026-09-08  11:50:30.772z | INFO     | uvicorn.error:273 - Shutting down
2026-09-08  11:50:30.889z | INFO     | uvicorn.error:67 - Waiting for application shutdown.
2026-09-08  11:50:30.895z | INFO     | uvicorn.error:76 - Application shutdown complete.
2026-09-08  11:50:30.897z | INFO     | uvicorn.error:104 - Finished server process [14296]
2026-09-08  11:50:38.866z | INFO     | storeapi.main:16 - Starting up the application...
2026-09-08  11:50:38.885z | INFO     | uvicorn.error:62 - Application startup complete.
2026-09-08  11:50:39.001z | INFO     | uvicorn.error:273 - Shutting down
2026-09-08  11:50:39.121z | INFO     | uvicorn.error:67 - Waiting for application shutdown.
2026-09-08  11:50:39.127z | INFO     | uvicorn.error:76 - Application shutdown complete.
2026-09-08  11:50:39.129z | INFO     | uvicorn.error:104 - Finished server process [21676]
2026-09-08  11:50:41.249z | INFO     | storeapi.main:16 - Starting up the application...
2026-09-08  11:50:41.268z | INFO     | uvicorn.error:62 - Application startup complete.
2026-09-08  11:50:41.374z | INFO     | uvicorn.error:273 - Shutting down
2026-09-08  11:50:41.487z | INFO     | uvicorn.error:67 - Waiting for application shutdown.
2026-09-08  11:50:41.494z | INFO     | uvicorn.error:76 - Application shutdown complete.
2026-09-08  11:50:41.497z | INFO     | uvicorn.error:104 - Finished server process [6096]
2026-09-08  11:50:43.524z | INFO     | storeapi.main:16 - Starting up the application...
2026-09-08  11:50:43.544z | INFO     | uvicorn.error:62 - Application startup complete.
2026-09-08  11:51:10.621z | INFO     | uvicorn.error:273 - Shutting down
2026-09-08  11:51:10.730z | INFO     | uvicorn.error:67 - Waiting for application shutdown.
2026-09-08  11:51:10.738z | INFO     | uvicorn.error:76 - Application shutdown complete.
2026-09-08  11:51:10.741z | INFO     | uvicorn.error:104 - Finished server process [17200]
2026-09-08  11:51:13.506z | INFO     | storeapi.main:16 - Starting up the application...
2026-09-08  11:51:13.530z | INFO     | uvicorn.error:62 - Application startup complete.
2026-09-08  11:52:20.122z | INFO     | uvicorn.error:273 - Shutting down
2026-09-08  11:52:20.231z | INFO     | uvicorn.error:67 - Waiting for application shutdown.
2026-09-08  11:52:20.246z | INFO     | uvicorn.error:76 - Application shutdown complete.
2026-09-08  11:52:20.252z | INFO     | uvicorn.error:104 - Finished server process [19232]
2026-09-08  11:52:22.612z | INFO     | storeapi.main:16 - Starting up the application...
2026-09-08  11:52:22.634z | INFO     | uvicorn.error:62 - Application startup complete.
2026-09-08  11:52:22.740z | INFO     | uvicorn.error:273 - Shutting down
2026-09-08  11:52:22.847z | INFO     | uvicorn.error:67 - Waiting for application shutdown.
2026-09-08  11:52:22.853z | INFO     | uvicorn.error:76 - Application shutdown complete.
2026-09-08  11:52:22.856z | INFO     | uvicorn.error:104 - Finished server process [18660]
2026-09-08  11:52:25.099z | INFO     | storeapi.main:16 - Starting up the application...
2026-09-08  11:52:25.118z | INFO     | uvicorn.error:62 - Application startup complete.
2026-09-08  11:52:25.121z | INFO     | uvicorn.error:273 - Shutting down
2026-09-08  11:52:25.238z | INFO     | uvicorn.error:67 - Waiting for application shutdown.
2026-09-08  11:52:25.246z | INFO     | uvicorn.error:76 - Application shutdown complete.
2026-09-08  11:52:25.249z | INFO     | uvicorn.error:104 - Finished server process [21136]
2026-09-08  11:52:27.374z | INFO     | storeapi.main:16 - Starting up the application...
2026-09-08  11:52:27.395z | INFO     | uvicorn.error:62 - Application startup complete.
2026-09-08  11:52:41.037z | INFO     | uvicorn.error:273 - Shutting down
2026-09-08  11:52:41.154z | INFO     | uvicorn.error:67 - Waiting for application shutdown.
2026-09-08  11:52:41.162z | INFO     | uvicorn.error:76 - Application shutdown complete.
2026-09-08  11:52:41.165z | INFO     | uvicorn.error:104 - Finished server process [3760]
2026-09-08  11:52:47.905z | INFO     | storeapi.main:16 - Starting up the application...
2026-09-08  11:52:47.924z | INFO     | uvicorn.error:62 - Application startup complete.
2026-09-08  11:52:48.036z | INFO     | uvicorn.error:273 - Shutting down
2026-09-08  11:52:48.149z | INFO     | uvicorn.error:67 - Waiting for application shutdown.
2026-09-08  11:52:48.159z | INFO     | uvicorn.error:76 - Application shutdown complete.
2026-09-08  11:52:48.161z | INFO     | uvicorn.error:104 - Finished server process [20592]
2026-09-08  11:52:50.163z | INFO     | storeapi.main:16 - Starting up the application...
2026-09-08  11:52:50.183z | INFO     | uvicorn.error:62 - Application startup complete.
2026-09-08  11:52:54.253z | INFO     | uvicorn.error:273 - Shutting down
2026-09-08  11:52:54.371z | INFO     | uvicorn.error:67 - Waiting for application shutdown.
2026-09-08  11:52:54.378z | INFO     | uvicorn.error:76 - Application shutdown complete.
2026-09-08  11:52:54.380z | INFO     | uvicorn.error:104 - Finished server process [18484]
2026-09-08  11:52:56.384z | INFO     | storeapi.main:16 - Starting up the application...
2026-09-08  11:52:56.404z | INFO     | uvicorn.error:62 - Application startup complete.
2026-09-08  11:53:02.785z | INFO     | uvicorn.error:273 - Shutting down
2026-09-08  11:53:02.889z | INFO     | uvicorn.error:67 - Waiting for application shutdown.
2026-09-08  11:53:02.894z | INFO     | uvicorn.error:76 - Application shutdown complete.
2026-09-08  11:53:02.897z | INFO     | uvicorn.error:104 - Finished server process [18440]
2026-09-08  11:53:04.893z | INFO     | storeapi.main:16 - Starting up the application...
2026-09-08  11:53:04.912z | INFO     | uvicorn.error:62 - Application startup complete.
2026-09-08  11:53:18.217z | INFO     | uvicorn.error:273 - Shutting down
2026-09-08  11:53:18.335z | INFO     | uvicorn.error:67 - Waiting for application shutdown.
2026-09-08  11:53:18.343z | INFO     | uvicorn.error:76 - Application shutdown complete.
2026-09-08  11:53:18.346z | INFO     | uvicorn.error:104 - Finished server process [17804]
2026-09-08  11:53:32.886z | INFO     | storeapi.main:16 - Starting up the application...
2026-09-08  11:53:32.906z | INFO     | uvicorn.error:62 - Application startup complete.
2026-09-08  11:53:38.455z | INFO     | uvicorn.error:273 - Shutting down
2026-09-08  11:53:38.570z | INFO     | uvicorn.error:67 - Waiting for application shutdown.
2026-09-08  11:53:38.578z | INFO     | uvicorn.error:76 - Application shutdown complete.
2026-09-08  11:53:38.581z | INFO     | uvicorn.error:104 - Finished server process [12080]
2026-09-08  11:53:40.750z | INFO     | storeapi.main:16 - Starting up the application...
2026-09-08  11:53:40.775z | INFO     | uvicorn.error:62 - Application startup complete.
2026-09-08  11:53:40.778z | INFO     | uvicorn.error:273 - Shutting down
2026-09-08  11:53:40.886z | INFO     | uvicorn.error:67 - Waiting for application shutdown.
2026-09-08  11:53:40.896z | INFO     | uvicorn.error:76 - Application shutdown complete.
2026-09-08  11:53:40.898z | INFO     | uvicorn.error:104 - Finished server process [9872]
2026-09-08  11:53:42.970z | INFO     | storeapi.main:16 - Starting up the application...
2026-09-08  11:53:42.989z | INFO     | uvicorn.error:62 - Application startup complete.
2026-09-08  11:53:43.950z | INFO     | uvicorn.error:273 - Shutting down
2026-09-08  11:53:44.067z | INFO     | uvicorn.error:67 - Waiting for application shutdown.
2026-09-08  11:53:44.074z | INFO     | uvicorn.error:76 - Application shutdown complete.
2026-09-08  11:53:44.077z | INFO     | uvicorn.error:104 - Finished server process [856]
2026-09-08  11:53:46.404z | INFO     | storeapi.main:16 - Starting up the application...
2026-09-08  11:53:46.423z | INFO     | uvicorn.error:62 - Application startup complete.
2026-09-08  11:53:47.281z | INFO     | uvicorn.error:273 - Shutting down
2026-09-08  11:53:47.387z | INFO     | uvicorn.error:67 - Waiting for application shutdown.
2026-09-08  11:53:47.393z | INFO     | uvicorn.error:76 - Application shutdown complete.
2026-09-08  11:53:47.396z | INFO     | uvicorn.error:104 - Finished server process [7924]
2026-09-08  11:53:49.469z | INFO     | storeapi.main:16 - Starting up the application...
2026-09-08  11:53:49.491z | INFO     | uvicorn.error:62 - Application startup complete.
2026-09-08  11:53:49.494z | INFO     | uvicorn.error:273 - Shutting down
2026-09-08  11:53:49.603z | INFO     | uvicorn.error:67 - Waiting for application shutdown.
2026-09-08  11:53:49.611z | INFO     | uvicorn.error:76 - Application shutdown complete.
2026-09-08  11:53:49.614z | INFO     | uvicorn.error:104 - Finished server process [19156]
2026-09-08  11:53:51.783z | INFO     | storeapi.main:16 - Starting up the application...
2026-09-08  11:53:51.805z | INFO     | uvicorn.error:62 - Application startup complete.
2026-09-08  11:53:55.035z | INFO     | uvicorn.error:273 - Shutting down
2026-09-08  11:53:55.153z | INFO     | uvicorn.error:67 - Waiting for application shutdown.
2026-09-08  11:53:55.160z | INFO     | uvicorn.error:76 - Application shutdown complete.
2026-09-08  11:53:55.162z | INFO     | uvicorn.error:104 - Finished server process [15136]
2026-09-08  11:53:57.370z | INFO     | storeapi.main:17 - Starting up the application...
2026-09-08  11:53:57.390z | INFO     | uvicorn.error:62 - Application startup complete.
2026-09-08  11:54:22.827z | INFO     | uvicorn.error:273 - Shutting down
2026-09-08  11:54:22.936z | INFO     | uvicorn.error:67 - Waiting for application shutdown.
2026-09-08  11:54:22.943z | INFO     | uvicorn.error:76 - Application shutdown complete.
2026-09-08  11:54:22.946z | INFO     | uvicorn.error:104 - Finished server process [2116]
2026-09-08  11:54:25.412z | INFO     | storeapi.main:17 - Starting up the application...
2026-09-08  11:54:25.442z | INFO     | uvicorn.error:62 - Application startup complete.
2026-09-08  11:54:31.214z | INFO     | uvicorn.error:273 - Shutting down
2026-09-08  11:54:31.321z | INFO     | uvicorn.error:67 - Waiting for application shutdown.
2026-09-08  11:54:31.327z | INFO     | uvicorn.error:76 - Application shutdown complete.
2026-09-08  11:54:31.330z | INFO     | uvicorn.error:104 - Finished server process [18176]
2026-09-08  11:54:33.643z | INFO     | storeapi.main:17 - Starting up the application...
2026-09-08  11:54:33.662z | INFO     | uvicorn.error:62 - Application startup complete.
2026-09-08  11:54:36.937z | INFO     | uvicorn.error:273 - Shutting down
2026-09-08  11:54:37.046z | INFO     | uvicorn.error:67 - Waiting for application shutdown.
2026-09-08  11:54:37.054z | INFO     | uvicorn.error:76 - Application shutdown complete.
2026-09-08  11:54:37.057z | INFO     | uvicorn.error:104 - Finished server process [12920]
2026-09-08  11:54:39.328z | INFO     | storeapi.main:17 - Starting up the application...
2026-09-08  11:54:39.350z | INFO     | uvicorn.error:62 - Application startup complete.
2026-09-08  11:55:09.005z | INFO     | uvicorn.error:273 - Shutting down
2026-09-08  11:55:09.129z | INFO     | uvicorn.error:67 - Waiting for application shutdown.
2026-09-08  11:55:09.136z | INFO     | uvicorn.error:76 - Application shutdown complete.
2026-09-08  11:55:09.139z | INFO     | uvicorn.error:104 - Finished server process [14116]
2026-09-08  11:55:11.235z | INFO     | storeapi.main:17 - Starting up the application...
2026-09-08  11:55:11.254z | INFO     | uvicorn.error:62 - Application startup complete.
2026-09-08  11:55:42.716z | INFO     | uvicorn.error:273 - Shutting down
2026-09-08  11:55:42.851z | INFO     | uvicorn.error:67 - Waiting for application shutdown.
2026-09-08  11:55:42.857z | INFO     | uvicorn.error:76 - Application shutdown complete.
2026-09-08  11:55:42.859z | INFO     | uvicorn.error:104 - Finished server process [14876]
2026-09-08  12:08:50.056z | INFO     | [-] storeapi.main:18 - Starting up the application...
2026-09-08  12:08:50.075z | INFO     | [-] uvicorn.error:62 - Application startup complete.
2026-09-08  12:10:22.951z | INFO     | [6a16507a] storeapi.routers.post:37 - Getting all posts..
2026-09-08  12:10:22.957z | DEBUG    | [6a16507a] storeapi.routers.post:39 - SELECT posts.id, posts.title, posts.description 
FROM posts
2026-09-08  12:10:22.970z | INFO     | [6a16507a] uvicorn.access:482 - 127.0.0.1:55231 - "GET /post HTTP/1.1" 200
2026-09-08  12:12:46.682z | INFO     | [-] uvicorn.error:273 - Shutting down
2026-09-08  12:12:46.787z | INFO     | [-] uvicorn.error:67 - Waiting for application shutdown.
2026-09-08  12:12:46.794z | INFO     | [-] uvicorn.error:76 - Application shutdown complete.
2026-09-08  12:12:46.796z | INFO     | [-] uvicorn.error:104 - Finished server process [17504]
{"asctime": "2026-09-08  12:17:52", "msecs": 916.0, "levelname": "INFO", "correlation_id": "-", "name": "storeapi.main", "lineno": 18, "message": "Starting up the application..."}
{"asctime": "2026-09-08  12:17:52", "msecs": 948.0, "levelname": "INFO", "correlation_id": "-", "name": "uvicorn.error", "lineno": 62, "message": "Application startup complete."}
{"asctime": "2026-09-08  12:19:24", "msecs": 65.0, "levelname": "INFO", "correlation_id": "-", "name": "uvicorn.error", "lineno": 273, "message": "Shutting down"}
{"asctime": "2026-09-08  12:19:24", "msecs": 175.0, "levelname": "INFO", "correlation_id": "-", "name": "uvicorn.error", "lineno": 67, "message": "Waiting for application shutdown."}
{"asctime": "2026-09-08  12:19:24", "msecs": 183.0, "levelname": "INFO", "correlation_id": "-", "name": "uvicorn.error", "lineno": 76, "message": "Application shutdown complete."}
{"asctime": "2026-09-08  12:19:24", "msecs": 186.0, "levelname": "INFO", "correlation_id": "-", "name": "uvicorn.error", "lineno": 104, "message": "Finished server process [11708]", "color_message": "Finished server process [\u001b[36m%d\u001b[0m]"}
{"asctime": "2026-09-08  12:19:29", "msecs": 908.0, "levelname": "INFO", "correlation_id": "-", "name": "storeapi.main", "lineno": 18, "message": "Starting up the application..."}
{"asctime": "2026-09-08  12:19:29", "msecs": 929.0, "levelname": "INFO", "correlation_id": "-", "name": "uvicorn.error", "lineno": 62, "message": "Application startup complete."}
{"asctime": "2026-09-08  12:19:32", "msecs": 324.0, "levelname": "INFO", "correlation_id": "-", "name": "uvicorn.error", "lineno": 273, "message": "Shutting down"}
{"asctime": "2026-09-08  12:19:32", "msecs": 434.0, "levelname": "INFO", "correlation_id": "-", "name": "uvicorn.error", "lineno": 67, "message": "Waiting for application shutdown."}
{"asctime": "2026-09-08  12:19:32", "msecs": 443.0, "levelname": "INFO", "correlation_id": "-", "name": "uvicorn.error", "lineno": 76, "message": "Application shutdown complete."}
{"asctime": "2026-09-08  12:19:32", "msecs": 447.0, "levelname": "INFO", "correlation_id": "-", "name": "uvicorn.error", "lineno": 104, "message": "Finished server process [3544]", "color_message": "Finished server process [\u001b[36m%d\u001b[0m]"}
{"asctime": "2026-09-08  12:20:43", "msecs": 862.0, "levelname": "INFO", "correlation_id": "-", "name": "storeapi.main", "lineno": 18, "message": "Starting up the application..."}
{"asctime": "2026-09-08  12:20:43", "msecs": 882.0, "levelname": "INFO", "correlation_id": "-", "name": "uvicorn.error", "lineno": 62, "message": "Application startup complete."}
{"asctime": "2026-09-08  12:20:47", "msecs": 261.0, "levelname": "INFO", "correlation_id": "-", "name": "uvicorn.error", "lineno": 273, "message": "Shutting down"}
{"asctime": "2026-09-08  12:20:47", "msecs": 383.0, "levelname": "INFO", "correlation_id": "-", "name": "uvicorn.error", "lineno": 67, "message": "Waiting for application shutdown."}
{"asctime": "2026-09-08  12:20:47", "msecs": 393.0, "levelname": "INFO", "correlation_id": "-", "name": "uvicorn.error", "lineno": 76, "message": "Application shutdown complete."}
{"asctime": "2026-09-08  12:20:47", "msecs": 396.0, "levelname": "INFO", "correlation_id": "-", "name": "uvicorn.error", "lineno": 104, "message": "Finished server process [19944]", "color_message": "Finished server process [\u001b[36m%d\u001b[0m]"}
{"asctime": "2026-09-08  12:20:54", "msecs": 36.0, "levelname": "INFO", "correlation_id": "-", "name": "storeapi.main", "lineno": 18, "message": "Starting up the application..."}
{"asctime": "2026-09-08  12:20:54", "msecs": 63.0, "levelname": "INFO", "correlation_id": "-", "name": "uvicorn.error", "lineno": 62, "message": "Application startup complete."}
{"asctime": "2026-09-08  12:20:57", "msecs": 366.0, "levelname": "INFO", "correlation_id": "-", "name": "uvicorn.error", "lineno": 273, "message": "Shutting down"}
{"asctime": "2026-09-08  12:20:57", "msecs": 481.0, "levelname": "INFO", "correlation_id": "-", "name": "uvicorn.error", "lineno": 67, "message": "Waiting for application shutdown."}
{"asctime": "2026-09-08  12:20:57", "msecs": 492.0, "levelname": "INFO", "correlation_id": "-", "name": "uvicorn.error", "lineno": 76, "message": "Application shutdown complete."}
{"asctime": "2026-09-08  12:20:57", "msecs": 495.0, "levelname": "INFO", "correlation_id": "-", "name": "uvicorn.error", "lineno": 104, "message": "Finished server process [9024]", "color_message": "Finished server process [\u001b[36m%d\u001b[0m]"}
{"asctime": "2026-09-08  12:20:59", "msecs": 531.0, "levelname": "INFO", "correlation_id": "-", "name": "storeapi.main", "lineno": 18, "message": "Starting up the application..."}
{"asctime": "2026-09-08  12:20:59", "msecs": 559.0, "levelname": "INFO", "correlation_id": "-", "name": "uvicorn.error", "lineno": 62, "message": "Application startup complete."}
{"asctime": "2026-09-08  12:21:02", "msecs": 782.0, "levelname": "INFO", "correlation_id": "-", "name": "uvicorn.error", "lineno": 273, "message": "Shutting down"}
{"asctime": "2026-09-08  12:21:02", "msecs": 900.0, "levelname": "INFO", "correlation_id": "-", "name": "uvicorn.error", "lineno": 67, "message": "Waiting for application shutdown."}
{"asctime": "2026-09-08  12:21:02", "msecs": 910.0, "levelname": "INFO", "correlation_id": "-", "name": "uvicorn.error", "lineno": 76, "message": "Application shutdown complete."}
{"asctime": "2026-09-08  12:21:02", "msecs": 913.0, "levelname": "INFO", "correlation_id": "-", "name": "uvicorn.error", "lineno": 104, "message": "Finished server process [11544]", "color_message": "Finished server process [\u001b[36m%d\u001b[0m]"}
{"asctime": "2026-09-08  12:21:08", "msecs": 11.0, "levelname": "INFO", "correlation_id": "-", "name": "storeapi.main", "lineno": 18, "message": "Starting up the application..."}
{"asctime": "2026-09-08  12:21:08", "msecs": 33.0, "levelname": "INFO", "correlation_id": "-", "name": "uvicorn.error", "lineno": 62, "message": "Application startup complete."}
{"asctime": "2026-09-08  12:21:14", "msecs": 32.0, "levelname": "INFO", "correlation_id": "-", "name": "uvicorn.error", "lineno": 273, "message": "Shutting down"}
{"asctime": "2026-09-08  12:21:14", "msecs": 149.0, "levelname": "INFO", "correlation_id": "-", "name": "uvicorn.error", "lineno": 67, "message": "Waiting for application shutdown."}
{"asctime": "2026-09-08  12:21:14", "msecs": 156.0, "levelname": "INFO", "correlation_id": "-", "name": "uvicorn.error", "lineno": 76, "message": "Application shutdown complete."}
{"asctime": "2026-09-08  12:21:14", "msecs": 159.0, "levelname": "INFO", "correlation_id": "-", "name": "uvicorn.error", "lineno": 104, "message": "Finished server process [22976]", "color_message": "Finished server process [\u001b[36m%d\u001b[0m]"}
{"asctime": "2026-09-08  12:21:16", "msecs": 448.0, "levelname": "INFO", "correlation_id": "-", "name": "storeapi.main", "lineno": 18, "message": "Starting up the application..."}
{"asctime": "2026-09-08  12:21:16", "msecs": 499.0, "levelname": "INFO", "correlation_id": "-", "name": "uvicorn.error", "lineno": 62, "message": "Application startup complete."}
{"asctime": "2026-09-08  12:22:02", "msecs": 219.0, "levelname": "INFO", "correlation_id": "-", "name": "uvicorn.error", "lineno": 273, "message": "Shutting down"}
{"asctime": "2026-09-08  12:22:02", "msecs": 330.0, "levelname": "INFO", "correlation_id": "-", "name": "uvicorn.error", "lineno": 67, "message": "Waiting for application shutdown."}
{"asctime": "2026-09-08  12:22:02", "msecs": 341.0, "levelname": "INFO", "correlation_id": "-", "name": "uvicorn.error", "lineno": 76, "message": "Application shutdown complete."}
{"asctime": "2026-09-08  12:22:02", "msecs": 344.0, "levelname": "INFO", "correlation_id": "-", "name": "uvicorn.error", "lineno": 104, "message": "Finished server process [15364]", "color_message": "Finished server process [\u001b[36m%d\u001b[0m]"}
{"asctime": "2026-09-08  12:22:04", "msecs": 676.0, "levelname": "INFO", "correlation_id": "-", "name": "storeapi.main", "lineno": 18, "message": "Starting up the application..."}
{"asctime": "2026-09-08  12:22:04", "msecs": 696.0, "levelname": "INFO", "correlation_id": "-", "name": "uvicorn.error", "lineno": 62, "message": "Application startup complete."}
{"asctime": "2026-09-08  12:22:04", "msecs": 699.0, "levelname": "INFO", "correlation_id": "-", "name": "uvicorn.error", "lineno": 273, "message": "Shutting down"}
{"asctime": "2026-09-08  12:22:04", "msecs": 810.0, "levelname": "INFO", "correlation_id": "-", "name": "uvicorn.error", "lineno": 67, "message": "Waiting for application shutdown."}
{"asctime": "2026-09-08  12:22:04", "msecs": 816.0, "levelname": "INFO", "correlation_id": "-", "name": "uvicorn.error", "lineno": 76, "message": "Application shutdown complete."}
{"asctime": "2026-09-08  12:22:04", "msecs": 819.0, "levelname": "INFO", "correlation_id": "-", "name": "uvicorn.error", "lineno": 104, "message": "Finished server process [17576]", "color_message": "Finished server process [\u001b[36m%d\u001b[0m]"}
{"asctime": "2026-09-08  12:22:07", "msecs": 14.0, "levelname": "INFO", "correlation_id": "-", "name": "storeapi.main", "lineno": 18, "message": "Starting up the application..."}
{"asctime": "2026-09-08  12:22:07", "msecs": 34.0, "levelname": "INFO", "correlation_id": "-", "name": "uvicorn.error", "lineno": 62, "message": "Application startup complete."}
{"asctime": "2026-09-08  12:23:19", "msecs": 120.0, "levelname": "INFO", "correlation_id": "-", "name": "uvicorn.error", "lineno": 273, "message": "Shutting down"}
{"asctime": "2026-09-08  12:23:19", "msecs": 229.0, "levelname": "INFO", "correlation_id": "-", "name": "uvicorn.error", "lineno": 67, "message": "Waiting for application shutdown."}
{"asctime": "2026-09-08  12:23:19", "msecs": 239.0, "levelname": "INFO", "correlation_id": "-", "name": "uvicorn.error", "lineno": 76, "message": "Application shutdown complete."}
{"asctime": "2026-09-08  12:23:19", "msecs": 243.0, "levelname": "INFO", "correlation_id": "-", "name": "uvicorn.error", "lineno": 104, "message": "Finished server process [17248]", "color_message": "Finished server process [\u001b[36m%d\u001b[0m]"}
{"asctime": "2026-09-08  12:23:21", "msecs": 598.0, "levelname": "INFO", "correlation_id": "-", "name": "storeapi.main", "lineno": 18, "message": "Starting up the application..."}
{"asctime": "2026-09-08  12:23:21", "msecs": 631.0, "levelname": "INFO", "correlation_id": "-", "name": "uvicorn.error", "lineno": 62, "message": "Application startup complete."}
{"asctime": "2026-09-08  12:24:16", "msecs": 834.0, "levelname": "INFO", "correlation_id": "-", "name": "uvicorn.error", "lineno": 273, "message": "Shutting down"}
{"asctime": "2026-09-08  12:24:16", "msecs": 956.0, "levelname": "INFO", "correlation_id": "-", "name": "uvicorn.error", "lineno": 67, "message": "Waiting for application shutdown."}
{"asctime": "2026-09-08  12:24:16", "msecs": 966.0, "levelname": "INFO", "correlation_id": "-", "name": "uvicorn.error", "lineno": 76, "message": "Application shutdown complete."}
{"asctime": "2026-09-08  12:24:16", "msecs": 970.0, "levelname": "INFO", "correlation_id": "-", "name": "uvicorn.error", "lineno": 104, "message": "Finished server process [4088]", "color_message": "Finished server process [\u001b[36m%d\u001b[0m]"}
{"asctime": "2026-09-08  12:24:39", "msecs": 524.0, "levelname": "INFO", "correlation_id": "-", "name": "storeapi.main", "lineno": 18, "message": "Starting up the application..."}
{"asctime": "2026-09-08  12:24:39", "msecs": 545.0, "levelname": "INFO", "correlation_id": "-", "name": "uvicorn.error", "lineno": 62, "message": "Application startup complete."}
{"asctime": "2026-09-08  12:24:39", "msecs": 549.0, "levelname": "INFO", "correlation_id": "-", "name": "uvicorn.error", "lineno": 273, "message": "Shutting down"}
{"asctime": "2026-09-08  12:24:39", "msecs": 657.0, "levelname": "INFO", "correlation_id": "-", "name": "uvicorn.error", "lineno": 67, "message": "Waiting for application shutdown."}
{"asctime": "2026-09-08  12:24:39", "msecs": 664.0, "levelname": "INFO", "correlation_id": "-", "name": "uvicorn.error", "lineno": 76, "message": "Application shutdown complete."}
{"asctime": "2026-09-08  12:24:39", "msecs": 669.0, "levelname": "INFO", "correlation_id": "-", "name": "uvicorn.error", "lineno": 104, "message": "Finished server process [4068]", "color_message": "Finished server process [\u001b[36m%d\u001b[0m]"}
{"asctime": "2026-09-08  12:24:42", "msecs": 60.0, "levelname": "INFO", "correlation_id": "-", "name": "storeapi.main", "lineno": 18, "message": "Starting up the application..."}
{"asctime": "2026-09-08  12:24:42", "msecs": 92.0, "levelname": "INFO", "correlation_id": "-", "name": "uvicorn.error", "lineno": 62, "message": "Application startup complete."}
{"asctime": "2026-09-08  12:24:42", "msecs": 100.0, "levelname": "INFO", "correlation_id": "-", "name": "uvicorn.error", "lineno": 273, "message": "Shutting down"}
{"asctime": "2026-09-08  12:24:42", "msecs": 213.0, "levelname": "INFO", "correlation_id": "-", "name": "uvicorn.error", "lineno": 67, "message": "Waiting for application shutdown."}
{"asctime": "2026-09-08  12:24:42", "msecs": 222.0, "levelname": "INFO", "correlation_id": "-", "name": "uvicorn.error", "lineno": 76, "message": "Application shutdown complete."}
{"asctime": "2026-09-08  12:24:42", "msecs": 226.0, "levelname": "INFO", "correlation_id": "-", "name": "uvicorn.error", "lineno": 104, "message": "Finished server process [14296]", "color_message": "Finished server process [\u001b[36m%d\u001b[0m]"}
{"asctime": "2026-09-08  12:24:44", "msecs": 420.0, "levelname": "INFO", "correlation_id": "-", "name": "storeapi.main", "lineno": 18, "message": "Starting up the application..."}
{"asctime": "2026-09-08  12:24:44", "msecs": 451.0, "levelname": "INFO", "correlation_id": "-", "name": "uvicorn.error", "lineno": 62, "message": "Application startup complete."}
{"asctime": "2026-09-08  12:24:45", "msecs": 548.0, "levelname": "INFO", "correlation_id": "-", "name": "uvicorn.error", "lineno": 273, "message": "Shutting down"}
{"asctime": "2026-09-08  12:24:45", "msecs": 672.0, "levelname": "INFO", "correlation_id": "-", "name": "uvicorn.error", "lineno": 67, "message": "Waiting for application shutdown."}
{"asctime": "2026-09-08  12:24:45", "msecs": 691.0, "levelname": "INFO", "correlation_id": "-", "name": "uvicorn.error", "lineno": 76, "message": "Application shutdown complete."}
{"asctime": "2026-09-08  12:24:45", "msecs": 695.0, "levelname": "INFO", "correlation_id": "-", "name": "uvicorn.error", "lineno": 104, "message": "Finished server process [9008]", "color_message": "Finished server process [\u001b[36m%d\u001b[0m]"}
{"asctime": "2026-09-08  12:25:00", "msecs": 275.0, "levelname": "INFO", "correlation_id": "-", "name": "storeapi.main", "lineno": 18, "message": "Starting up the application..."}
{"asctime": "2026-09-08  12:25:00", "msecs": 294.0, "levelname": "INFO", "correlation_id": "-", "name": "uvicorn.error", "lineno": 62, "message": "Application startup complete."}
{"asctime": "2026-09-08  12:25:02", "msecs": 546.0, "levelname": "INFO", "correlation_id": "-", "name": "uvicorn.error", "lineno": 273, "message": "Shutting down"}
{"asctime": "2026-09-08  12:25:02", "msecs": 660.0, "levelname": "INFO", "correlation_id": "-", "name": "uvicorn.error", "lineno": 67, "message": "Waiting for application shutdown."}
{"asctime": "2026-09-08  12:25:02", "msecs": 669.0, "levelname": "INFO", "correlation_id": "-", "name": "uvicorn.error", "lineno": 76, "message": "Application shutdown complete."}
{"asctime": "2026-09-08  12:25:02", "msecs": 674.0, "levelname": "INFO", "correlation_id": "-", "name": "uvicorn.error", "lineno": 104, "message": "Finished server process [23280]", "color_message": "Finished server process [\u001b[36m%d\u001b[0m]"}
{"asctime": "2026-09-08  12:25:04", "msecs": 786.0, "levelname": "INFO", "correlation_id": "-", "name": "storeapi.main", "lineno": 18, "message": "Starting up the application..."}
{"asctime": "2026-09-08  12:25:04", "msecs": 807.0, "levelname": "INFO", "correlation_id": "-", "name": "uvicorn.error", "lineno": 62, "message": "Application startup complete."}
{"asctime": "2026-09-08  12:25:05", "msecs": 863.0, "levelname": "INFO", "correlation_id": "-", "name": "uvicorn.error", "lineno": 273, "message": "Shutting down"}
{"asctime": "2026-09-08  12:25:05", "msecs": 978.0, "levelname": "INFO", "correlation_id": "-", "name": "uvicorn.error", "lineno": 67, "message": "Waiting for application shutdown."}
{"asctime": "2026-09-08  12:25:05", "msecs": 984.0, "levelname": "INFO", "correlation_id": "-", "name": "uvicorn.error", "lineno": 76, "message": "Application shutdown complete."}
{"asctime": "2026-09-08  12:25:05", "msecs": 986.0, "levelname": "INFO", "correlation_id": "-", "name": "uvicorn.error", "lineno": 104, "message": "Finished server process [6400]", "color_message": "Finished server process [\u001b[36m%d\u001b[0m]"}
{"asctime": "2026-09-08  12:25:08", "msecs": 264.0, "levelname": "INFO", "correlation_id": "-", "name": "storeapi.main", "lineno": 18, "message": "Starting up the application..."}
{"asctime": "2026-09-08  12:25:08", "msecs": 285.0, "levelname": "INFO", "correlation_id": "-", "name": "uvicorn.error", "lineno": 62, "message": "Application startup complete."}
{"asctime": "2026-09-08  12:25:08", "msecs": 288.0, "levelname": "INFO", "correlation_id": "-", "name": "uvicorn.error", "lineno": 273, "message": "Shutting down"}
{"asctime": "2026-09-08  12:25:08", "msecs": 392.0, "levelname": "INFO", "correlation_id": "-", "name": "uvicorn.error", "lineno": 67, "message": "Waiting for application shutdown."}
{"asctime": "2026-09-08  12:25:08", "msecs": 407.0, "levelname": "INFO", "correlation_id": "-", "name": "uvicorn.error", "lineno": 76, "message": "Application shutdown complete."}
{"asctime": "2026-09-08  12:25:08", "msecs": 411.0, "levelname": "INFO", "correlation_id": "-", "name": "uvicorn.error", "lineno": 104, "message": "Finished server process [12168]", "color_message": "Finished server process [\u001b[36m%d\u001b[0m]"}
{"asctime": "2026-09-08  12:25:10", "msecs": 777.0, "levelname": "INFO", "correlation_id": "-", "name": "storeapi.main", "lineno": 18, "message": "Starting up the application..."}
{"asctime": "2026-09-08  12:25:10", "msecs": 798.0, "levelname": "INFO", "correlation_id": "-", "name": "uvicorn.error", "lineno": 62, "message": "Application startup complete."}
{"asctime": "2026-09-08  12:25:11", "msecs": 15.0, "levelname": "INFO", "correlation_id": "-", "name": "uvicorn.error", "lineno": 273, "message": "Shutting down"}
{"asctime": "2026-09-08  12:25:11", "msecs": 129.0, "levelname": "INFO", "correlation_id": "-", "name": "uvicorn.error", "lineno": 67, "message": "Waiting for application shutdown."}
{"asctime": "2026-09-08  12:25:11", "msecs": 134.0, "levelname": "INFO", "correlation_id": "-", "name": "uvicorn.error", "lineno": 76, "message": "Application shutdown complete."}
{"asctime": "2026-09-08  12:25:11", "msecs": 137.0, "levelname": "INFO", "correlation_id": "-", "name": "uvicorn.error", "lineno": 104, "message": "Finished server process [18840]", "color_message": "Finished server process [\u001b[36m%d\u001b[0m]"}
{"asctime": "2026-09-08  12:25:13", "msecs": 219.0, "levelname": "INFO", "correlation_id": "-", "name": "storeapi.main", "lineno": 18, "message": "Starting up the application..."}
{"asctime": "2026-09-08  12:25:13", "msecs": 239.0, "levelname": "INFO", "correlation_id": "-", "name": "uvicorn.error", "lineno": 62, "message": "Application startup complete."}
{"asctime": "2026-09-08  12:25:15", "msecs": 477.0, "levelname": "INFO", "correlation_id": "-", "name": "uvicorn.error", "lineno": 273, "message": "Shutting down"}
{"asctime": "2026-09-08  12:25:15", "msecs": 592.0, "levelname": "INFO", "correlation_id": "-", "name": "uvicorn.error", "lineno": 67, "message": "Waiting for application shutdown."}
{"asctime": "2026-09-08  12:25:15", "msecs": 601.0, "levelname": "INFO", "correlation_id": "-", "name": "uvicorn.error", "lineno": 76, "message": "Application shutdown complete."}
{"asctime": "2026-09-08  12:25:15", "msecs": 605.0, "levelname": "INFO", "correlation_id": "-", "name": "uvicorn.error", "lineno": 104, "message": "Finished server process [21440]", "color_message": "Finished server process [\u001b[36m%d\u001b[0m]"}
{"asctime": "2026-09-08  12:25:17", "msecs": 690.0, "levelname": "INFO", "correlation_id": "-", "name": "storeapi.main", "lineno": 18, "message": "Starting up the application..."}
{"asctime": "2026-09-08  12:25:17", "msecs": 710.0, "levelname": "INFO", "correlation_id": "-", "name": "uvicorn.error", "lineno": 62, "message": "Application startup complete."}
{"asctime": "2026-09-08  12:25:17", "msecs": 714.0, "levelname": "INFO", "correlation_id": "-", "name": "uvicorn.error", "lineno": 273, "message": "Shutting down"}
{"asctime": "2026-09-08  12:25:17", "msecs": 829.0, "levelname": "INFO", "correlation_id": "-", "name": "uvicorn.error", "lineno": 67, "message": "Waiting for application shutdown."}
{"asctime": "2026-09-08  12:25:17", "msecs": 840.0, "levelname": "INFO", "correlation_id": "-", "name": "uvicorn.error", "lineno": 76, "message": "Application shutdown complete."}
{"asctime": "2026-09-08  12:25:17", "msecs": 844.0, "levelname": "INFO", "correlation_id": "-", "name": "uvicorn.error", "lineno": 104, "message": "Finished server process [22864]", "color_message": "Finished server process [\u001b[36m%d\u001b[0m]"}
{"asctime": "2026-09-08  12:25:19", "msecs": 841.0, "levelname": "INFO", "correlation_id": "-", "name": "storeapi.main", "lineno": 18, "message": "Starting up the application..."}
{"asctime": "2026-09-08  12:25:19", "msecs": 864.0, "levelname": "INFO", "correlation_id": "-", "name": "uvicorn.error", "lineno": 62, "message": "Application startup complete."}
{"asctime": "2026-09-08  12:25:23", "msecs": 295.0, "levelname": "INFO", "correlation_id": "-", "name": "uvicorn.error", "lineno": 273, "message": "Shutting down"}
{"asctime": "2026-09-08  12:25:23", "msecs": 412.0, "levelname": "INFO", "correlation_id": "-", "name": "uvicorn.error", "lineno": 67, "message": "Waiting for application shutdown."}
{"asctime": "2026-09-08  12:25:23", "msecs": 425.0, "levelname": "INFO", "correlation_id": "-", "name": "uvicorn.error", "lineno": 76, "message": "Application shutdown complete."}
{"asctime": "2026-09-08  12:25:23", "msecs": 430.0, "levelname": "INFO", "correlation_id": "-", "name": "uvicorn.error", "lineno": 104, "message": "Finished server process [5884]", "color_message": "Finished server process [\u001b[36m%d\u001b[0m]"}
{"asctime": "2026-09-08  12:25:25", "msecs": 703.0, "levelname": "INFO", "correlation_id": "-", "name": "storeapi.main", "lineno": 18, "message": "Starting up the application..."}
{"asctime": "2026-09-08  12:25:25", "msecs": 725.0, "levelname": "INFO", "correlation_id": "-", "name": "uvicorn.error", "lineno": 62, "message": "Application startup complete."}
{"asctime": "2026-09-08  12:25:25", "msecs": 728.0, "levelname": "INFO", "correlation_id": "-", "name": "uvicorn.error", "lineno": 273, "message": "Shutting down"}
{"asctime": "2026-09-08  12:25:25", "msecs": 846.0, "levelname": "INFO", "correlation_id": "-", "name": "uvicorn.error", "lineno": 67, "message": "Waiting for application shutdown."}
{"asctime": "2026-09-08  12:25:25", "msecs": 852.0, "levelname": "INFO", "correlation_id": "-", "name": "uvicorn.error", "lineno": 76, "message": "Application shutdown complete."}
{"asctime": "2026-09-08  12:25:25", "msecs": 854.0, "levelname": "INFO", "correlation_id": "-", "name": "uvicorn.error", "lineno": 104, "message": "Finished server process [1972]", "color_message": "Finished server process [\u001b[36m%d\u001b[0m]"}
{"asctime": "2026-09-08  12:25:27", "msecs": 989.0, "levelname": "INFO", "correlation_id": "-", "name": "storeapi.main", "lineno": 18, "message": "Starting up the application..."}
{"asctime": "2026-09-08  12:25:28", "msecs": 9.0, "levelname": "INFO", "correlation_id": "-", "name": "uvicorn.error", "lineno": 62, "message": "Application startup complete."}
{"asctime": "2026-09-08  12:25:28", "msecs": 12.0, "levelname": "INFO", "correlation_id": "-", "name": "uvicorn.error", "lineno": 273, "message": "Shutting down"}
{"asctime": "2026-09-08  12:25:28", "msecs": 117.0, "levelname": "INFO", "correlation_id": "-", "name": "uvicorn.error", "lineno": 67, "message": "Waiting for application shutdown."}
{"asctime": "2026-09-08  12:25:28", "msecs": 124.0, "levelname": "INFO", "correlation_id": "-", "name": "uvicorn.error", "lineno": 76, "message": "Application shutdown complete."}
{"asctime": "2026-09-08  12:25:28", "msecs": 126.0, "levelname": "INFO", "correlation_id": "-", "name": "uvicorn.error", "lineno": 104, "message": "Finished server process [14904]", "color_message": "Finished server process [\u001b[36m%d\u001b[0m]"}
{"asctime": "2026-09-08  12:25:30", "msecs": 171.0, "levelname": "INFO", "correlation_id": "-", "name": "storeapi.main", "lineno": 18, "message": "Starting up the application..."}
{"asctime": "2026-09-08  12:25:30", "msecs": 193.0, "levelname": "INFO", "correlation_id": "-", "name": "uvicorn.error", "lineno": 62, "message": "Application startup complete."}
{"asctime": "2026-09-08  12:25:32", "msecs": 447.0, "levelname": "INFO", "correlation_id": "-", "name": "uvicorn.error", "lineno": 273, "message": "Shutting down"}
{"asctime": "2026-09-08  12:25:32", "msecs": 562.0, "levelname": "INFO", "correlation_id": "-", "name": "uvicorn.error", "lineno": 67, "message": "Waiting for application shutdown."}
{"asctime": "2026-09-08  12:25:32", "msecs": 570.0, "levelname": "INFO", "correlation_id": "-", "name": "uvicorn.error", "lineno": 76, "message": "Application shutdown complete."}
{"asctime": "2026-09-08  12:25:32", "msecs": 574.0, "levelname": "INFO", "correlation_id": "-", "name": "uvicorn.error", "lineno": 104, "message": "Finished server process [20400]", "color_message": "Finished server process [\u001b[36m%d\u001b[0m]"}
{"asctime": "2026-09-08  12:25:36", "msecs": 640.0, "levelname": "INFO", "correlation_id": "-", "name": "storeapi.main", "lineno": 18, "message": "Starting up the application..."}
{"asctime": "2026-09-08  12:25:36", "msecs": 660.0, "levelname": "INFO", "correlation_id": "-", "name": "uvicorn.error", "lineno": 62, "message": "Application startup complete."}
{"asctime": "2026-09-08  12:25:36", "msecs": 664.0, "levelname": "INFO", "correlation_id": "-", "name": "uvicorn.error", "lineno": 273, "message": "Shutting down"}
{"asctime": "2026-09-08  12:25:36", "msecs": 780.0, "levelname": "INFO", "correlation_id": "-", "name": "uvicorn.error", "lineno": 67, "message": "Waiting for application shutdown."}
{"asctime": "2026-09-08  12:25:36", "msecs": 789.0, "levelname": "INFO", "correlation_id": "-", "name": "uvicorn.error", "lineno": 76, "message": "Application shutdown complete."}
{"asctime": "2026-09-08  12:25:36", "msecs": 793.0, "levelname": "INFO", "correlation_id": "-", "name": "uvicorn.error", "lineno": 104, "message": "Finished server process [19336]", "color_message": "Finished server process [\u001b[36m%d\u001b[0m]"}
{"asctime": "2026-09-08  12:25:38", "msecs": 820.0, "levelname": "INFO", "correlation_id": "-", "name": "storeapi.main", "lineno": 18, "message": "Starting up the application..."}
{"asctime": "2026-09-08  12:25:38", "msecs": 839.0, "levelname": "INFO", "correlation_id": "-", "name": "uvicorn.error", "lineno": 62, "message": "Application startup complete."}
{"asctime": "2026-09-08  12:25:45", "msecs": 515.0, "levelname": "INFO", "correlation_id": "-", "name": "uvicorn.error", "lineno": 273, "message": "Shutting down"}
{"asctime": "2026-09-08  12:25:45", "msecs": 631.0, "levelname": "INFO", "correlation_id": "-", "name": "uvicorn.error", "lineno": 67, "message": "Waiting for application shutdown."}
{"asctime": "2026-09-08  12:25:45", "msecs": 639.0, "levelname": "INFO", "correlation_id": "-", "name": "uvicorn.error", "lineno": 76, "message": "Application shutdown complete."}
{"asctime": "2026-09-08  12:25:45", "msecs": 643.0, "levelname": "INFO", "correlation_id": "-", "name": "uvicorn.error", "lineno": 104, "message": "Finished server process [13180]", "color_message": "Finished server process [\u001b[36m%d\u001b[0m]"}
{"asctime": "2026-09-08  12:25:47", "msecs": 858.0, "levelname": "INFO", "correlation_id": "-", "name": "storeapi.main", "lineno": 18, "message": "Starting up the application..."}
{"asctime": "2026-09-08  12:25:47", "msecs": 879.0, "levelname": "INFO", "correlation_id": "-", "name": "uvicorn.error", "lineno": 62, "message": "Application startup complete."}
{"asctime": "2026-09-08  12:25:48", "msecs": 956.0, "levelname": "INFO", "correlation_id": "-", "name": "uvicorn.error", "lineno": 273, "message": "Shutting down"}
{"asctime": "2026-09-08  12:25:49", "msecs": 74.0, "levelname": "INFO", "correlation_id": "-", "name": "uvicorn.error", "lineno": 67, "message": "Waiting for application shutdown."}
{"asctime": "2026-09-08  12:25:49", "msecs": 84.0, "levelname": "INFO", "correlation_id": "-", "name": "uvicorn.error", "lineno": 76, "message": "Application shutdown complete."}
{"asctime": "2026-09-08  12:25:49", "msecs": 88.0, "levelname": "INFO", "correlation_id": "-", "name": "uvicorn.error", "lineno": 104, "message": "Finished server process [8056]", "color_message": "Finished server process [\u001b[36m%d\u001b[0m]"}
{"asctime": "2026-09-08  12:25:51", "msecs": 470.0, "levelname": "INFO", "correlation_id": "-", "name": "storeapi.main", "lineno": 18, "message": "Starting up the application..."}
{"asctime": "2026-09-08  12:25:51", "msecs": 490.0, "levelname": "INFO", "correlation_id": "-", "name": "uvicorn.error", "lineno": 62, "message": "Application startup complete."}
{"asctime": "2026-09-08  12:25:54", "msecs": 775.0, "levelname": "INFO", "correlation_id": "-", "name": "uvicorn.error", "lineno": 273, "message": "Shutting down"}
{"asctime": "2026-09-08  12:25:54", "msecs": 893.0, "levelname": "INFO", "correlation_id": "-", "name": "uvicorn.error", "lineno": 67, "message": "Waiting for application shutdown."}
{"asctime": "2026-09-08  12:25:54", "msecs": 903.0, "levelname": "INFO", "correlation_id": "-", "name": "uvicorn.error", "lineno": 76, "message": "Application shutdown complete."}
{"asctime": "2026-09-08  12:25:54", "msecs": 906.0, "levelname": "INFO", "correlation_id": "-", "name": "uvicorn.error", "lineno": 104, "message": "Finished server process [11036]", "color_message": "Finished server process [\u001b[36m%d\u001b[0m]"}
{"asctime": "2026-09-08  12:25:57", "msecs": 63.0, "levelname": "INFO", "correlation_id": "-", "name": "storeapi.main", "lineno": 18, "message": "Starting up the application..."}
{"asctime": "2026-09-08  12:25:57", "msecs": 93.0, "levelname": "INFO", "correlation_id": "-", "name": "uvicorn.error", "lineno": 62, "message": "Application startup complete."}
{"asctime": "2026-09-08  12:26:02", "msecs": 730.0, "levelname": "INFO", "correlation_id": "-", "name": "uvicorn.error", "lineno": 273, "message": "Shutting down"}
{"asctime": "2026-09-08  12:26:02", "msecs": 845.0, "levelname": "INFO", "correlation_id": "-", "name": "uvicorn.error", "lineno": 67, "message": "Waiting for application shutdown."}
{"asctime": "2026-09-08  12:26:02", "msecs": 855.0, "levelname": "INFO", "correlation_id": "-", "name": "uvicorn.error", "lineno": 76, "message": "Application shutdown complete."}
{"asctime": "2026-09-08  12:26:02", "msecs": 858.0, "levelname": "INFO", "correlation_id": "-", "name": "uvicorn.error", "lineno": 104, "message": "Finished server process [9340]", "color_message": "Finished server process [\u001b[36m%d\u001b[0m]"}
{"asctime": "2026-09-08  12:26:05", "msecs": 118.0, "levelname": "INFO", "correlation_id": "-", "name": "storeapi.main", "lineno": 18, "message": "Starting up the application..."}
{"asctime": "2026-09-08  12:26:05", "msecs": 147.0, "levelname": "INFO", "correlation_id": "-", "name": "uvicorn.error", "lineno": 62, "message": "Application startup complete."}
{"asctime": "2026-09-08  12:26:08", "msecs": 647.0, "levelname": "INFO", "correlation_id": "-", "name": "uvicorn.error", "lineno": 273, "message": "Shutting down"}
{"asctime": "2026-09-08  12:26:08", "msecs": 763.0, "levelname": "INFO", "correlation_id": "-", "name": "uvicorn.error", "lineno": 67, "message": "Waiting for application shutdown."}
{"asctime": "2026-09-08  12:26:08", "msecs": 771.0, "levelname": "INFO", "correlation_id": "-", "name": "uvicorn.error", "lineno": 76, "message": "Application shutdown complete."}
{"asctime": "2026-09-08  12:26:08", "msecs": 774.0, "levelname": "INFO", "correlation_id": "-", "name": "uvicorn.error", "lineno": 104, "message": "Finished server process [20128]", "color_message": "Finished server process [\u001b[36m%d\u001b[0m]"}
{"asctime": "2026-09-08  12:26:15", "msecs": 726.0, "levelname": "INFO", "correlation_id": "-", "name": "storeapi.main", "lineno": 18, "message": "Starting up the application..."}
{"asctime": "2026-09-08  12:26:15", "msecs": 758.0, "levelname": "INFO", "correlation_id": "-", "name": "uvicorn.error", "lineno": 62, "message": "Application startup complete."}
{"asctime": "2026-09-08  12:26:22", "msecs": 46.0, "levelname": "INFO", "correlation_id": "-", "name": "uvicorn.error", "lineno": 273, "message": "Shutting down"}
{"asctime": "2026-09-08  12:26:22", "msecs": 155.0, "levelname": "INFO", "correlation_id": "-", "name": "uvicorn.error", "lineno": 67, "message": "Waiting for application shutdown."}
{"asctime": "2026-09-08  12:26:22", "msecs": 163.0, "levelname": "INFO", "correlation_id": "-", "name": "uvicorn.error", "lineno": 76, "message": "Application shutdown complete."}
{"asctime": "2026-09-08  12:26:22", "msecs": 166.0, "levelname": "INFO", "correlation_id": "-", "name": "uvicorn.error", "lineno": 104, "message": "Finished server process [8188]", "color_message": "Finished server process [\u001b[36m%d\u001b[0m]"}
{"asctime": "2026-09-08  12:26:24", "msecs": 395.0, "levelname": "INFO", "correlation_id": "-", "name": "storeapi.main", "lineno": 18, "message": "Starting up the application..."}
{"asctime": "2026-09-08  12:26:24", "msecs": 416.0, "levelname": "INFO", "correlation_id": "-", "name": "uvicorn.error", "lineno": 62, "message": "Application startup complete."}
{"asctime": "2026-09-08  12:26:33", "msecs": 946.0, "levelname": "INFO", "correlation_id": "-", "name": "uvicorn.error", "lineno": 273, "message": "Shutting down"}
{"asctime": "2026-09-08  12:26:34", "msecs": 61.0, "levelname": "INFO", "correlation_id": "-", "name": "uvicorn.error", "lineno": 67, "message": "Waiting for application shutdown."}
{"asctime": "2026-09-08  12:26:34", "msecs": 68.0, "levelname": "INFO", "correlation_id": "-", "name": "uvicorn.error", "lineno": 76, "message": "Application shutdown complete."}
{"asctime": "2026-09-08  12:26:34", "msecs": 72.0, "levelname": "INFO", "correlation_id": "-", "name": "uvicorn.error", "lineno": 104, "message": "Finished server process [6128]", "color_message": "Finished server process [\u001b[36m%d\u001b[0m]"}
{"asctime": "2026-09-08  12:26:36", "msecs": 249.0, "levelname": "INFO", "correlation_id": "-", "name": "storeapi.main", "lineno": 18, "message": "Starting up the application..."}
{"asctime": "2026-09-08  12:26:36", "msecs": 268.0, "levelname": "INFO", "correlation_id": "-", "name": "uvicorn.error", "lineno": 62, "message": "Application startup complete."}
{"asctime": "2026-09-08  12:26:37", "msecs": 208.0, "levelname": "INFO", "correlation_id": "-", "name": "uvicorn.error", "lineno": 273, "message": "Shutting down"}
{"asctime": "2026-09-08  12:26:37", "msecs": 312.0, "levelname": "INFO", "correlation_id": "-", "name": "uvicorn.error", "lineno": 67, "message": "Waiting for application shutdown."}
{"asctime": "2026-09-08  12:26:37", "msecs": 320.0, "levelname": "INFO", "correlation_id": "-", "name": "uvicorn.error", "lineno": 76, "message": "Application shutdown complete."}
{"asctime": "2026-09-08  12:26:37", "msecs": 322.0, "levelname": "INFO", "correlation_id": "-", "name": "uvicorn.error", "lineno": 104, "message": "Finished server process [8848]", "color_message": "Finished server process [\u001b[36m%d\u001b[0m]"}
{"asctime": "2026-09-08  12:26:58", "msecs": 886.0, "levelname": "INFO", "correlation_id": "-", "name": "storeapi.main", "lineno": 18, "message": "Starting up the application..."}
{"asctime": "2026-09-08  12:26:58", "msecs": 913.0, "levelname": "INFO", "correlation_id": "-", "name": "uvicorn.error", "lineno": 62, "message": "Application startup complete."}
{"asctime": "2026-09-08  12:27:11", "msecs": 204.0, "levelname": "INFO", "correlation_id": "-", "name": "uvicorn.error", "lineno": 273, "message": "Shutting down"}
{"asctime": "2026-09-08  12:27:11", "msecs": 313.0, "levelname": "INFO", "correlation_id": "-", "name": "uvicorn.error", "lineno": 67, "message": "Waiting for application shutdown."}
{"asctime": "2026-09-08  12:27:11", "msecs": 323.0, "levelname": "INFO", "correlation_id": "-", "name": "uvicorn.error", "lineno": 76, "message": "Application shutdown complete."}
{"asctime": "2026-09-08  12:27:11", "msecs": 326.0, "levelname": "INFO", "correlation_id": "-", "name": "uvicorn.error", "lineno": 104, "message": "Finished server process [11172]", "color_message": "Finished server process [\u001b[36m%d\u001b[0m]"}
{"asctime": "2026-09-08  12:27:13", "msecs": 833.0, "levelname": "INFO", "correlation_id": "-", "name": "storeapi.main", "lineno": 18, "message": "Starting up the application..."}
{"asctime": "2026-09-08  12:27:13", "msecs": 856.0, "levelname": "INFO", "correlation_id": "-", "name": "uvicorn.error", "lineno": 62, "message": "Application startup complete."}
{"asctime": "2026-09-08  12:27:16", "msecs": 251.0, "levelname": "INFO", "correlation_id": "-", "name": "uvicorn.error", "lineno": 273, "message": "Shutting down"}
{"asctime": "2026-09-08  12:27:16", "msecs": 359.0, "levelname": "INFO", "correlation_id": "-", "name": "uvicorn.error", "lineno": 67, "message": "Waiting for application shutdown."}
{"asctime": "2026-09-08  12:27:16", "msecs": 375.0, "levelname": "INFO", "correlation_id": "-", "name": "uvicorn.error", "lineno": 76, "message": "Application shutdown complete."}
{"asctime": "2026-09-08  12:27:16", "msecs": 381.0, "levelname": "INFO", "correlation_id": "-", "name": "uvicorn.error", "lineno": 104, "message": "Finished server process [5324]", "color_message": "Finished server process [\u001b[36m%d\u001b[0m]"}
{"asctime": "2026-09-08  12:27:20", "msecs": 933.0, "levelname": "INFO", "correlation_id": "-", "name": "storeapi.main", "lineno": 18, "message": "Starting up the application..."}
{"asctime": "2026-09-08  12:27:20", "msecs": 953.0, "levelname": "INFO", "correlation_id": "-", "name": "uvicorn.error", "lineno": 62, "message": "Application startup complete."}
{"asctime": "2026-09-08  12:27:20", "msecs": 956.0, "levelname": "INFO", "correlation_id": "-", "name": "uvicorn.error", "lineno": 273, "message": "Shutting down"}
{"asctime": "2026-09-08  12:27:21", "msecs": 61.0, "levelname": "INFO", "correlation_id": "-", "name": "uvicorn.error", "lineno": 67, "message": "Waiting for application shutdown."}
{"asctime": "2026-09-08  12:27:21", "msecs": 72.0, "levelname": "INFO", "correlation_id": "-", "name": "uvicorn.error", "lineno": 76, "message": "Application shutdown complete."}
{"asctime": "2026-09-08  12:27:21", "msecs": 76.0, "levelname": "INFO", "correlation_id": "-", "name": "uvicorn.error", "lineno": 104, "message": "Finished server process [22932]", "color_message": "Finished server process [\u001b[36m%d\u001b[0m]"}
{"asctime": "2026-09-08  12:27:23", "msecs": 209.0, "levelname": "INFO", "correlation_id": "-", "name": "storeapi.main", "lineno": 18, "message": "Starting up the application..."}
{"asctime": "2026-09-08  12:27:23", "msecs": 232.0, "levelname": "INFO", "correlation_id": "-", "name": "uvicorn.error", "lineno": 62, "message": "Application startup complete."}
{"asctime": "2026-09-08  12:27:23", "msecs": 235.0, "levelname": "INFO", "correlation_id": "-", "name": "uvicorn.error", "lineno": 273, "message": "Shutting down"}
{"asctime": "2026-09-08  12:27:23", "msecs": 352.0, "levelname": "INFO", "correlation_id": "-", "name": "uvicorn.error", "lineno": 67, "message": "Waiting for application shutdown."}
{"asctime": "2026-09-08  12:27:23", "msecs": 363.0, "levelname": "INFO", "correlation_id": "-", "name": "uvicorn.error", "lineno": 76, "message": "Application shutdown complete."}
{"asctime": "2026-09-08  12:27:23", "msecs": 367.0, "levelname": "INFO", "correlation_id": "-", "name": "uvicorn.error", "lineno": 104, "message": "Finished server process [3132]", "color_message": "Finished server process [\u001b[36m%d\u001b[0m]"}
{"asctime": "2026-09-08  12:27:25", "msecs": 867.0, "levelname": "INFO", "correlation_id": "-", "name": "storeapi.main", "lineno": 18, "message": "Starting up the application..."}
{"asctime": "2026-09-08  12:27:25", "msecs": 910.0, "levelname": "INFO", "correlation_id": "-", "name": "uvicorn.error", "lineno": 62, "message": "Application startup complete."}
{"asctime": "2026-09-08  12:27:34", "msecs": 247.0, "levelname": "INFO", "correlation_id": "-", "name": "uvicorn.error", "lineno": 273, "message": "Shutting down"}
{"asctime": "2026-09-08  12:27:34", "msecs": 361.0, "levelname": "INFO", "correlation_id": "-", "name": "uvicorn.error", "lineno": 67, "message": "Waiting for application shutdown."}
{"asctime": "2026-09-08  12:27:34", "msecs": 371.0, "levelname": "INFO", "correlation_id": "-", "name": "uvicorn.error", "lineno": 76, "message": "Application shutdown complete."}
{"asctime": "2026-09-08  12:27:34", "msecs": 374.0, "levelname": "INFO", "correlation_id": "-", "name": "uvicorn.error", "lineno": 104, "message": "Finished server process [6048]", "color_message": "Finished server process [\u001b[36m%d\u001b[0m]"}
{"asctime": "2026-09-08  12:27:36", "msecs": 566.0, "levelname": "INFO", "correlation_id": "-", "name": "storeapi.main", "lineno": 18, "message": "Starting up the application..."}
{"asctime": "2026-09-08  12:27:36", "msecs": 589.0, "levelname": "INFO", "correlation_id": "-", "name": "uvicorn.error", "lineno": 62, "message": "Application startup complete."}
{"asctime": "2026-09-08  12:27:37", "msecs": 646.0, "levelname": "INFO", "correlation_id": "-", "name": "uvicorn.error", "lineno": 273, "message": "Shutting down"}
{"asctime": "2026-09-08  12:27:37", "msecs": 763.0, "levelname": "INFO", "correlation_id": "-", "name": "uvicorn.error", "lineno": 67, "message": "Waiting for application shutdown."}
{"asctime": "2026-09-08  12:27:37", "msecs": 774.0, "levelname": "INFO", "correlation_id": "-", "name": "uvicorn.error", "lineno": 76, "message": "Application shutdown complete."}
{"asctime": "2026-09-08  12:27:37", "msecs": 779.0, "levelname": "INFO", "correlation_id": "-", "name": "uvicorn.error", "lineno": 104, "message": "Finished server process [11668]", "color_message": "Finished server process [\u001b[36m%d\u001b[0m]"}
{"asctime": "2026-09-08  12:27:39", "msecs": 962.0, "levelname": "INFO", "correlation_id": "-", "name": "storeapi.main", "lineno": 18, "message": "Starting up the application..."}
{"asctime": "2026-09-08  12:27:39", "msecs": 981.0, "levelname": "INFO", "correlation_id": "-", "name": "uvicorn.error", "lineno": 62, "message": "Application startup complete."}
{"asctime": "2026-09-08  12:28:04", "msecs": 413.0, "levelname": "INFO", "correlation_id": "-", "name": "uvicorn.error", "lineno": 273, "message": "Shutting down"}
{"asctime": "2026-09-08  12:28:04", "msecs": 521.0, "levelname": "INFO", "correlation_id": "-", "name": "uvicorn.error", "lineno": 67, "message": "Waiting for application shutdown."}
{"asctime": "2026-09-08  12:28:04", "msecs": 531.0, "levelname": "INFO", "correlation_id": "-", "name": "uvicorn.error", "lineno": 76, "message": "Application shutdown complete."}
{"asctime": "2026-09-08  12:28:04", "msecs": 537.0, "levelname": "INFO", "correlation_id": "-", "name": "uvicorn.error", "lineno": 104, "message": "Finished server process [9268]", "color_message": "Finished server process [\u001b[36m%d\u001b[0m]"}
{"asctime": "2026-09-08  12:28:06", "msecs": 404.0, "levelname": "INFO", "correlation_id": "-", "name": "storeapi.main", "lineno": 18, "message": "Starting up the application..."}
{"asctime": "2026-09-08  12:28:06", "msecs": 417.0, "levelname": "INFO", "correlation_id": "-", "name": "uvicorn.error", "lineno": 62, "message": "Application startup complete."}
{"asctime": "2026-09-08  13:04:51", "msecs": 156.0, "levelname": "INFO", "correlation_id": "-", "name": "uvicorn.error", "lineno": 273, "message": "Shutting down"}
{"asctime": "2026-09-08  13:04:51", "msecs": 269.0, "levelname": "INFO", "correlation_id": "-", "name": "uvicorn.error", "lineno": 67, "message": "Waiting for application shutdown."}
{"asctime": "2026-09-08  13:04:51", "msecs": 280.0, "levelname": "INFO", "correlation_id": "-", "name": "uvicorn.error", "lineno": 76, "message": "Application shutdown complete."}
{"asctime": "2026-09-08  13:04:51", "msecs": 283.0, "levelname": "INFO", "correlation_id": "-", "name": "uvicorn.error", "lineno": 104, "message": "Finished server process [22644]", "color_message": "Finished server process [\u001b[36m%d\u001b[0m]"}
{"asctime": "2026-09-08  13:04:54", "msecs": 15.0, "levelname": "INFO", "correlation_id": "-", "name": "storeapi.main", "lineno": 18, "message": "Starting up the application..."}
{"asctime": "2026-09-08  13:04:54", "msecs": 39.0, "levelname": "INFO", "correlation_id": "-", "name": "uvicorn.error", "lineno": 62, "message": "Application startup complete."}
{"asctime": "2026-09-08  13:05:04", "msecs": 770.0, "levelname": "INFO", "correlation_id": "-", "name": "uvicorn.error", "lineno": 273, "message": "Shutting down"}
{"asctime": "2026-09-08  13:05:04", "msecs": 891.0, "levelname": "INFO", "correlation_id": "-", "name": "uvicorn.error", "lineno": 67, "message": "Waiting for application shutdown."}
{"asctime": "2026-09-08  13:05:04", "msecs": 899.0, "levelname": "INFO", "correlation_id": "-", "name": "uvicorn.error", "lineno": 76, "message": "Application shutdown complete."}
{"asctime": "2026-09-08  13:05:04", "msecs": 903.0, "levelname": "INFO", "correlation_id": "-", "name": "uvicorn.error", "lineno": 104, "message": "Finished server process [9952]", "color_message": "Finished server process [\u001b[36m%d\u001b[0m]"}
{"asctime": "2026-09-08  13:05:07", "msecs": 428.0, "levelname": "INFO", "correlation_id": "-", "name": "storeapi.main", "lineno": 18, "message": "Starting up the application..."}
{"asctime": "2026-09-08  13:05:07", "msecs": 453.0, "levelname": "INFO", "correlation_id": "-", "name": "uvicorn.error", "lineno": 62, "message": "Application startup complete."}
{"asctime": "2026-09-08  13:08:39", "msecs": 281.0, "levelname": "INFO", "correlation_id": "-", "name": "uvicorn.error", "lineno": 273, "message": "Shutting down"}
{"asctime": "2026-09-08  13:08:39", "msecs": 403.0, "levelname": "INFO", "correlation_id": "-", "name": "uvicorn.error", "lineno": 67, "message": "Waiting for application shutdown."}
{"asctime": "2026-09-08  13:08:39", "msecs": 416.0, "levelname": "INFO", "correlation_id": "-", "name": "uvicorn.error", "lineno": 76, "message": "Application shutdown complete."}
{"asctime": "2026-09-08  13:08:39", "msecs": 420.0, "levelname": "INFO", "correlation_id": "-", "name": "uvicorn.error", "lineno": 104, "message": "Finished server process [22728]", "color_message": "Finished server process [\u001b[36m%d\u001b[0m]"}
{"asctime": "2026-09-08  13:09:54", "msecs": 708.0, "levelname": "INFO", "correlation_id": "-", "name": "storeapi.main", "lineno": 18, "message": "Starting up the application..."}
{"asctime": "2026-09-08  13:09:54", "msecs": 735.0, "levelname": "INFO", "correlation_id": "-", "name": "uvicorn.error", "lineno": 62, "message": "Application startup complete."}
{"asctime": "2026-09-08  13:10:01", "msecs": 290.0, "levelname": "INFO", "correlation_id": "-", "name": "uvicorn.error", "lineno": 273, "message": "Shutting down"}
{"asctime": "2026-09-08  13:10:01", "msecs": 400.0, "levelname": "INFO", "correlation_id": "-", "name": "uvicorn.error", "lineno": 67, "message": "Waiting for application shutdown."}
{"asctime": "2026-09-08  13:10:01", "msecs": 410.0, "levelname": "INFO", "correlation_id": "-", "name": "uvicorn.error", "lineno": 76, "message": "Application shutdown complete."}
{"asctime": "2026-09-08  13:10:01", "msecs": 415.0, "levelname": "INFO", "correlation_id": "-", "name": "uvicorn.error", "lineno": 104, "message": "Finished server process [13876]", "color_message": "Finished server process [\u001b[36m%d\u001b[0m]"}
{"asctime": "2026-09-08  13:10:04", "msecs": 314.0, "levelname": "INFO", "correlation_id": "-", "name": "storeapi.main", "lineno": 18, "message": "Starting up the application..."}
{"asctime": "2026-09-08  13:10:04", "msecs": 337.0, "levelname": "INFO", "correlation_id": "-", "name": "uvicorn.error", "lineno": 62, "message": "Application startup complete."}
{"asctime": "2026-09-08  13:10:08", "msecs": 869.0, "levelname": "INFO", "correlation_id": "-", "name": "uvicorn.error", "lineno": 273, "message": "Shutting down"}
{"asctime": "2026-09-08  13:10:08", "msecs": 984.0, "levelname": "INFO", "correlation_id": "-", "name": "uvicorn.error", "lineno": 67, "message": "Waiting for application shutdown."}
{"asctime": "2026-09-08  13:10:08", "msecs": 992.0, "levelname": "INFO", "correlation_id": "-", "name": "uvicorn.error", "lineno": 76, "message": "Application shutdown complete."}
{"asctime": "2026-09-08  13:10:08", "msecs": 995.0, "levelname": "INFO", "correlation_id": "-", "name": "uvicorn.error", "lineno": 104, "message": "Finished server process [21852]", "color_message": "Finished server process [\u001b[36m%d\u001b[0m]"}
{"asctime": "2026-09-08  13:10:11", "msecs": 827.0, "levelname": "INFO", "correlation_id": "-", "name": "storeapi.main", "lineno": 18, "message": "Starting up the application..."}
{"asctime": "2026-09-08  13:10:11", "msecs": 865.0, "levelname": "INFO", "correlation_id": "-", "name": "uvicorn.error", "lineno": 62, "message": "Application startup complete."}
{"asctime": "2026-09-08  13:10:11", "msecs": 868.0, "levelname": "INFO", "correlation_id": "-", "name": "uvicorn.error", "lineno": 273, "message": "Shutting down"}
{"asctime": "2026-09-08  13:10:11", "msecs": 981.0, "levelname": "INFO", "correlation_id": "-", "name": "uvicorn.error", "lineno": 67, "message": "Waiting for application shutdown."}
{"asctime": "2026-09-08  13:10:11", "msecs": 992.0, "levelname": "INFO", "correlation_id": "-", "name": "uvicorn.error", "lineno": 76, "message": "Application shutdown complete."}
{"asctime": "2026-09-08  13:10:11", "msecs": 995.0, "levelname": "INFO", "correlation_id": "-", "name": "uvicorn.error", "lineno": 104, "message": "Finished server process [10936]", "color_message": "Finished server process [\u001b[36m%d\u001b[0m]"}
{"asctime": "2026-09-08  13:10:14", "msecs": 595.0, "levelname": "INFO", "correlation_id": "-", "name": "storeapi.main", "lineno": 18, "message": "Starting up the application..."}
{"asctime": "2026-09-08  13:10:14", "msecs": 616.0, "levelname": "INFO", "correlation_id": "-", "name": "uvicorn.error", "lineno": 62, "message": "Application startup complete."}
{"asctime": "2026-09-08  13:10:14", "msecs": 619.0, "levelname": "INFO", "correlation_id": "-", "name": "uvicorn.error", "lineno": 273, "message": "Shutting down"}
{"asctime": "2026-09-08  13:10:14", "msecs": 728.0, "levelname": "INFO", "correlation_id": "-", "name": "uvicorn.error", "lineno": 67, "message": "Waiting for application shutdown."}
{"asctime": "2026-09-08  13:10:14", "msecs": 744.0, "levelname": "INFO", "correlation_id": "-", "name": "uvicorn.error", "lineno": 76, "message": "Application shutdown complete."}
{"asctime": "2026-09-08  13:10:14", "msecs": 748.0, "levelname": "INFO", "correlation_id": "-", "name": "uvicorn.error", "lineno": 104, "message": "Finished server process [6100]", "color_message": "Finished server process [\u001b[36m%d\u001b[0m]"}
{"asctime": "2026-09-08  13:10:17", "msecs": 566.0, "levelname": "INFO", "correlation_id": "-", "name": "storeapi.main", "lineno": 18, "message": "Starting up the application..."}
{"asctime": "2026-09-08  13:10:17", "msecs": 588.0, "levelname": "INFO", "correlation_id": "-", "name": "uvicorn.error", "lineno": 62, "message": "Application startup complete."}
{"asctime": "2026-09-08  13:10:18", "msecs": 451.0, "levelname": "INFO", "correlation_id": "-", "name": "uvicorn.error", "lineno": 273, "message": "Shutting down"}
{"asctime": "2026-09-08  13:10:18", "msecs": 569.0, "levelname": "INFO", "correlation_id": "-", "name": "uvicorn.error", "lineno": 67, "message": "Waiting for application shutdown."}
{"asctime": "2026-09-08  13:10:18", "msecs": 578.0, "levelname": "INFO", "correlation_id": "-", "name": "uvicorn.error", "lineno": 76, "message": "Application shutdown complete."}
{"asctime": "2026-09-08  13:10:18", "msecs": 584.0, "levelname": "INFO", "correlation_id": "-", "name": "uvicorn.error", "lineno": 104, "message": "Finished server process [13404]", "color_message": "Finished server process [\u001b[36m%d\u001b[0m]"}
{"asctime": "2026-09-08  13:10:21", "msecs": 454.0, "levelname": "INFO", "correlation_id": "-", "name": "storeapi.main", "lineno": 18, "message": "Starting up the application..."}
{"asctime": "2026-09-08  13:10:21", "msecs": 478.0, "levelname": "INFO", "correlation_id": "-", "name": "uvicorn.error", "lineno": 62, "message": "Application startup complete."}
{"asctime": "2026-09-08  13:10:21", "msecs": 586.0, "levelname": "INFO", "correlation_id": "-", "name": "uvicorn.error", "lineno": 273, "message": "Shutting down"}
{"asctime": "2026-09-08  13:10:21", "msecs": 837.0, "levelname": "INFO", "correlation_id": "-", "name": "uvicorn.error", "lineno": 67, "message": "Waiting for application shutdown."}
{"asctime": "2026-09-08  13:10:21", "msecs": 848.0, "levelname": "INFO", "correlation_id": "-", "name": "uvicorn.error", "lineno": 76, "message": "Application shutdown complete."}
{"asctime": "2026-09-08  13:10:21", "msecs": 852.0, "levelname": "INFO", "correlation_id": "-", "name": "uvicorn.error", "lineno": 104, "message": "Finished server process [18860]", "color_message": "Finished server process [\u001b[36m%d\u001b[0m]"}
{"asctime": "2026-09-08  13:10:33", "msecs": 53.0, "levelname": "INFO", "correlation_id": "-", "name": "storeapi.main", "lineno": 18, "message": "Starting up the application..."}
{"asctime": "2026-09-08  13:10:33", "msecs": 76.0, "levelname": "INFO", "correlation_id": "-", "name": "uvicorn.error", "lineno": 62, "message": "Application startup complete."}
{"asctime": "2026-09-08  13:10:33", "msecs": 79.0, "levelname": "INFO", "correlation_id": "-", "name": "uvicorn.error", "lineno": 273, "message": "Shutting down"}
{"asctime": "2026-09-08  13:10:33", "msecs": 183.0, "levelname": "INFO", "correlation_id": "-", "name": "uvicorn.error", "lineno": 67, "message": "Waiting for application shutdown."}
{"asctime": "2026-09-08  13:10:33", "msecs": 193.0, "levelname": "INFO", "correlation_id": "-", "name": "uvicorn.error", "lineno": 76, "message": "Application shutdown complete."}
{"asctime": "2026-09-08  13:10:33", "msecs": 195.0, "levelname": "INFO", "correlation_id": "-", "name": "uvicorn.error", "lineno": 104, "message": "Finished server process [20364]", "color_message": "Finished server process [\u001b[36m%d\u001b[0m]"}
{"asctime": "2026-09-08  13:10:35", "msecs": 992.0, "levelname": "INFO", "correlation_id": "-", "name": "storeapi.main", "lineno": 18, "message": "Starting up the application..."}
{"asctime": "2026-09-08  13:10:36", "msecs": 34.0, "levelname": "INFO", "correlation_id": "-", "name": "uvicorn.error", "lineno": 62, "message": "Application startup complete."}
{"asctime": "2026-09-08  13:10:36", "msecs": 40.0, "levelname": "INFO", "correlation_id": "-", "name": "uvicorn.error", "lineno": 273, "message": "Shutting down"}
{"asctime": "2026-09-08  13:10:36", "msecs": 151.0, "levelname": "INFO", "correlation_id": "-", "name": "uvicorn.error", "lineno": 67, "message": "Waiting for application shutdown."}
{"asctime": "2026-09-08  13:10:36", "msecs": 160.0, "levelname": "INFO", "correlation_id": "-", "name": "uvicorn.error", "lineno": 76, "message": "Application shutdown complete."}
{"asctime": "2026-09-08  13:10:36", "msecs": 162.0, "levelname": "INFO", "correlation_id": "-", "name": "uvicorn.error", "lineno": 104, "message": "Finished server process [1760]", "color_message": "Finished server process [\u001b[36m%d\u001b[0m]"}
{"asctime": "2026-09-08  13:10:38", "msecs": 855.0, "levelname": "INFO", "correlation_id": "-", "name": "storeapi.main", "lineno": 18, "message": "Starting up the application..."}
{"asctime": "2026-09-08  13:10:38", "msecs": 934.0, "levelname": "INFO", "correlation_id": "-", "name": "uvicorn.error", "lineno": 62, "message": "Application startup complete."}
{"asctime": "2026-09-08  13:10:44", "msecs": 569.0, "levelname": "INFO", "correlation_id": "-", "name": "uvicorn.error", "lineno": 273, "message": "Shutting down"}
{"asctime": "2026-09-08  13:10:44", "msecs": 683.0, "levelname": "INFO", "correlation_id": "-", "name": "uvicorn.error", "lineno": 67, "message": "Waiting for application shutdown."}
{"asctime": "2026-09-08  13:10:44", "msecs": 691.0, "levelname": "INFO", "correlation_id": "-", "name": "uvicorn.error", "lineno": 76, "message": "Application shutdown complete."}
{"asctime": "2026-09-08  13:10:44", "msecs": 694.0, "levelname": "INFO", "correlation_id": "-", "name": "uvicorn.error", "lineno": 104, "message": "Finished server process [3776]", "color_message": "Finished server process [\u001b[36m%d\u001b[0m]"}
{"asctime": "2026-09-08  13:10:47", "msecs": 432.0, "levelname": "INFO", "correlation_id": "-", "name": "storeapi.main", "lineno": 18, "message": "Starting up the application..."}
{"asctime": "2026-09-08  13:10:47", "msecs": 461.0, "levelname": "INFO", "correlation_id": "-", "name": "uvicorn.error", "lineno": 62, "message": "Application startup complete."}
{"asctime": "2026-09-08  13:10:51", "msecs": 672.0, "levelname": "INFO", "correlation_id": "-", "name": "uvicorn.error", "lineno": 273, "message": "Shutting down"}
{"asctime": "2026-09-08  13:10:51", "msecs": 787.0, "levelname": "INFO", "correlation_id": "-", "name": "uvicorn.error", "lineno": 67, "message": "Waiting for application shutdown."}
{"asctime": "2026-09-08  13:10:51", "msecs": 798.0, "levelname": "INFO", "correlation_id": "-", "name": "uvicorn.error", "lineno": 76, "message": "Application shutdown complete."}
{"asctime": "2026-09-08  13:10:51", "msecs": 801.0, "levelname": "INFO", "correlation_id": "-", "name": "uvicorn.error", "lineno": 104, "message": "Finished server process [20168]", "color_message": "Finished server process [\u001b[36m%d\u001b[0m]"}
{"asctime": "2026-09-08  13:10:54", "msecs": 774.0, "levelname": "INFO", "correlation_id": "-", "name": "storeapi.main", "lineno": 18, "message": "Starting up the application..."}
{"asctime": "2026-09-08  13:10:54", "msecs": 796.0, "levelname": "INFO", "correlation_id": "-", "name": "uvicorn.error", "lineno": 62, "message": "Application startup complete."}
{"asctime": "2026-09-08  13:10:54", "msecs": 798.0, "levelname": "INFO", "correlation_id": "-", "name": "uvicorn.error", "lineno": 273, "message": "Shutting down"}
{"asctime": "2026-09-08  13:10:54", "msecs": 906.0, "levelname": "INFO", "correlation_id": "-", "name": "uvicorn.error", "lineno": 67, "message": "Waiting for application shutdown."}
{"asctime": "2026-09-08  13:10:54", "msecs": 915.0, "levelname": "INFO", "correlation_id": "-", "name": "uvicorn.error", "lineno": 76, "message": "Application shutdown complete."}
{"asctime": "2026-09-08  13:10:54", "msecs": 917.0, "levelname": "INFO", "correlation_id": "-", "name": "uvicorn.error", "lineno": 104, "message": "Finished server process [10052]", "color_message": "Finished server process [\u001b[36m%d\u001b[0m]"}
{"asctime": "2026-09-08  13:11:23", "msecs": 49.0, "levelname": "INFO", "correlation_id": "-", "name": "storeapi.main", "lineno": 18, "message": "Starting up the application..."}
{"asctime": "2026-09-08  13:11:23", "msecs": 76.0, "levelname": "INFO", "correlation_id": "-", "name": "uvicorn.error", "lineno": 62, "message": "Application startup complete."}
{"asctime": "2026-09-08  13:11:31", "msecs": 576.0, "levelname": "INFO", "correlation_id": "-", "name": "uvicorn.error", "lineno": 273, "message": "Shutting down"}
{"asctime": "2026-09-08  13:11:31", "msecs": 712.0, "levelname": "INFO", "correlation_id": "-", "name": "uvicorn.error", "lineno": 67, "message": "Waiting for application shutdown."}
{"asctime": "2026-09-08  13:11:31", "msecs": 719.0, "levelname": "INFO", "correlation_id": "-", "name": "uvicorn.error", "lineno": 76, "message": "Application shutdown complete."}
{"asctime": "2026-09-08  13:11:31", "msecs": 724.0, "levelname": "INFO", "correlation_id": "-", "name": "uvicorn.error", "lineno": 104, "message": "Finished server process [8660]", "color_message": "Finished server process [\u001b[36m%d\u001b[0m]"}
{"asctime": "2026-09-08  13:11:34", "msecs": 594.0, "levelname": "INFO", "correlation_id": "-", "name": "storeapi.main", "lineno": 18, "message": "Starting up the application..."}
{"asctime": "2026-09-08  13:11:34", "msecs": 619.0, "levelname": "INFO", "correlation_id": "-", "name": "uvicorn.error", "lineno": 62, "message": "Application startup complete."}
{"asctime": "2026-09-08  13:11:34", "msecs": 623.0, "levelname": "INFO", "correlation_id": "-", "name": "uvicorn.error", "lineno": 273, "message": "Shutting down"}
{"asctime": "2026-09-08  13:11:34", "msecs": 740.0, "levelname": "INFO", "correlation_id": "-", "name": "uvicorn.error", "lineno": 67, "message": "Waiting for application shutdown."}
{"asctime": "2026-09-08  13:11:34", "msecs": 751.0, "levelname": "INFO", "correlation_id": "-", "name": "uvicorn.error", "lineno": 76, "message": "Application shutdown complete."}
{"asctime": "2026-09-08  13:11:34", "msecs": 755.0, "levelname": "INFO", "correlation_id": "-", "name": "uvicorn.error", "lineno": 104, "message": "Finished server process [10332]", "color_message": "Finished server process [\u001b[36m%d\u001b[0m]"}
{"asctime": "2026-09-08  13:11:41", "msecs": 257.0, "levelname": "INFO", "correlation_id": "-", "name": "storeapi.main", "lineno": 18, "message": "Starting up the application..."}
{"asctime": "2026-09-08  13:11:41", "msecs": 287.0, "levelname": "INFO", "correlation_id": "-", "name": "uvicorn.error", "lineno": 62, "message": "Application startup complete."}
{"asctime": "2026-09-08  13:11:41", "msecs": 401.0, "levelname": "INFO", "correlation_id": "-", "name": "uvicorn.error", "lineno": 273, "message": "Shutting down"}
{"asctime": "2026-09-08  13:11:41", "msecs": 527.0, "levelname": "INFO", "correlation_id": "-", "name": "uvicorn.error", "lineno": 67, "message": "Waiting for application shutdown."}
{"asctime": "2026-09-08  13:11:41", "msecs": 536.0, "levelname": "INFO", "correlation_id": "-", "name": "uvicorn.error", "lineno": 76, "message": "Application shutdown complete."}
{"asctime": "2026-09-08  13:11:41", "msecs": 541.0, "levelname": "INFO", "correlation_id": "-", "name": "uvicorn.error", "lineno": 104, "message": "Finished server process [11524]", "color_message": "Finished server process [\u001b[36m%d\u001b[0m]"}
{"asctime": "2026-09-08  13:11:44", "msecs": 431.0, "levelname": "INFO", "correlation_id": "-", "name": "storeapi.main", "lineno": 18, "message": "Starting up the application..."}
{"asctime": "2026-09-08  13:11:44", "msecs": 453.0, "levelname": "INFO", "correlation_id": "-", "name": "uvicorn.error", "lineno": 62, "message": "Application startup complete."}
{"asctime": "2026-09-08  13:11:44", "msecs": 457.0, "levelname": "INFO", "correlation_id": "-", "name": "uvicorn.error", "lineno": 273, "message": "Shutting down"}
{"asctime": "2026-09-08  13:11:44", "msecs": 569.0, "levelname": "INFO", "correlation_id": "-", "name": "uvicorn.error", "lineno": 67, "message": "Waiting for application shutdown."}
{"asctime": "2026-09-08  13:11:44", "msecs": 576.0, "levelname": "INFO", "correlation_id": "-", "name": "uvicorn.error", "lineno": 76, "message": "Application shutdown complete."}
{"asctime": "2026-09-08  13:11:44", "msecs": 579.0, "levelname": "INFO", "correlation_id": "-", "name": "uvicorn.error", "lineno": 104, "message": "Finished server process [12600]", "color_message": "Finished server process [\u001b[36m%d\u001b[0m]"}
{"asctime": "2026-09-08  13:11:47", "msecs": 635.0, "levelname": "INFO", "correlation_id": "-", "name": "storeapi.main", "lineno": 18, "message": "Starting up the application..."}
{"asctime": "2026-09-08  13:11:47", "msecs": 669.0, "levelname": "INFO", "correlation_id": "-", "name": "uvicorn.error", "lineno": 62, "message": "Application startup complete."}
{"asctime": "2026-09-08  13:11:47", "msecs": 785.0, "levelname": "INFO", "correlation_id": "-", "name": "uvicorn.error", "lineno": 273, "message": "Shutting down"}
{"asctime": "2026-09-08  13:11:47", "msecs": 892.0, "levelname": "INFO", "correlation_id": "-", "name": "uvicorn.error", "lineno": 67, "message": "Waiting for application shutdown."}
{"asctime": "2026-09-08  13:11:47", "msecs": 899.0, "levelname": "INFO", "correlation_id": "-", "name": "uvicorn.error", "lineno": 76, "message": "Application shutdown complete."}
{"asctime": "2026-09-08  13:11:47", "msecs": 903.0, "levelname": "INFO", "correlation_id": "-", "name": "uvicorn.error", "lineno": 104, "message": "Finished server process [17016]", "color_message": "Finished server process [\u001b[36m%d\u001b[0m]"}
{"asctime": "2026-09-08  13:11:50", "msecs": 861.0, "levelname": "INFO", "correlation_id": "-", "name": "storeapi.main", "lineno": 18, "message": "Starting up the application..."}
{"asctime": "2026-09-08  13:11:50", "msecs": 881.0, "levelname": "INFO", "correlation_id": "-", "name": "uvicorn.error", "lineno": 62, "message": "Application startup complete."}
{"asctime": "2026-09-08  13:11:58", "msecs": 232.0, "levelname": "INFO", "correlation_id": "-", "name": "uvicorn.error", "lineno": 273, "message": "Shutting down"}
{"asctime": "2026-09-08  13:11:58", "msecs": 339.0, "levelname": "INFO", "correlation_id": "-", "name": "uvicorn.error", "lineno": 67, "message": "Waiting for application shutdown."}
{"asctime": "2026-09-08  13:11:58", "msecs": 346.0, "levelname": "INFO", "correlation_id": "-", "name": "uvicorn.error", "lineno": 76, "message": "Application shutdown complete."}
{"asctime": "2026-09-08  13:11:58", "msecs": 350.0, "levelname": "INFO", "correlation_id": "-", "name": "uvicorn.error", "lineno": 104, "message": "Finished server process [7432]", "color_message": "Finished server process [\u001b[36m%d\u001b[0m]"}
{"asctime": "2026-09-08  13:12:01", "msecs": 417.0, "levelname": "INFO", "correlation_id": "-", "name": "storeapi.main", "lineno": 18, "message": "Starting up the application..."}
{"asctime": "2026-09-08  13:12:01", "msecs": 442.0, "levelname": "INFO", "correlation_id": "-", "name": "uvicorn.error", "lineno": 62, "message": "Application startup complete."}
{"asctime": "2026-09-08  13:12:01", "msecs": 549.0, "levelname": "INFO", "correlation_id": "-", "name": "uvicorn.error", "lineno": 273, "message": "Shutting down"}
{"asctime": "2026-09-08  13:12:01", "msecs": 663.0, "levelname": "INFO", "correlation_id": "-", "name": "uvicorn.error", "lineno": 67, "message": "Waiting for application shutdown."}
{"asctime": "2026-09-08  13:12:01", "msecs": 671.0, "levelname": "INFO", "correlation_id": "-", "name": "uvicorn.error", "lineno": 76, "message": "Application shutdown complete."}
{"asctime": "2026-09-08  13:12:01", "msecs": 675.0, "levelname": "INFO", "correlation_id": "-", "name": "uvicorn.error", "lineno": 104, "message": "Finished server process [20588]", "color_message": "Finished server process [\u001b[36m%d\u001b[0m]"}
{"asctime": "2026-09-08  13:12:04", "msecs": 426.0, "levelname": "INFO", "correlation_id": "-", "name": "storeapi.main", "lineno": 18, "message": "Starting up the application..."}
{"asctime": "2026-09-08  13:12:04", "msecs": 450.0, "levelname": "INFO", "correlation_id": "-", "name": "uvicorn.error", "lineno": 62, "message": "Application startup complete."}
{"asctime": "2026-09-08  13:12:55", "msecs": 684.0, "levelname": "INFO", "correlation_id": "-", "name": "uvicorn.error", "lineno": 273, "message": "Shutting down"}
{"asctime": "2026-09-08  13:12:55", "msecs": 789.0, "levelname": "INFO", "correlation_id": "-", "name": "uvicorn.error", "lineno": 67, "message": "Waiting for application shutdown."}
{"asctime": "2026-09-08  13:12:55", "msecs": 797.0, "levelname": "INFO", "correlation_id": "-", "name": "uvicorn.error", "lineno": 76, "message": "Application shutdown complete."}
{"asctime": "2026-09-08  13:12:55", "msecs": 801.0, "levelname": "INFO", "correlation_id": "-", "name": "uvicorn.error", "lineno": 104, "message": "Finished server process [13092]", "color_message": "Finished server process [\u001b[36m%d\u001b[0m]"}
{"asctime": "2026-09-08  13:12:58", "msecs": 982.0, "levelname": "INFO", "correlation_id": "-", "name": "storeapi.main", "lineno": 18, "message": "Starting up the application..."}
{"asctime": "2026-09-08  13:12:59", "msecs": 8.0, "levelname": "INFO", "correlation_id": "-", "name": "uvicorn.error", "lineno": 62, "message": "Application startup complete."}
{"asctime": "2026-09-08  13:12:59", "msecs": 232.0, "levelname": "INFO", "correlation_id": "-", "name": "uvicorn.error", "lineno": 273, "message": "Shutting down"}
{"asctime": "2026-09-08  13:12:59", "msecs": 337.0, "levelname": "INFO", "correlation_id": "-", "name": "uvicorn.error", "lineno": 67, "message": "Waiting for application shutdown."}
{"asctime": "2026-09-08  13:12:59", "msecs": 348.0, "levelname": "INFO", "correlation_id": "-", "name": "uvicorn.error", "lineno": 76, "message": "Application shutdown complete."}
{"asctime": "2026-09-08  13:12:59", "msecs": 350.0, "levelname": "INFO", "correlation_id": "-", "name": "uvicorn.error", "lineno": 104, "message": "Finished server process [20676]", "color_message": "Finished server process [\u001b[36m%d\u001b[0m]"}
{"asctime": "2026-09-08  13:13:02", "msecs": 91.0, "levelname": "INFO", "correlation_id": "-", "name": "storeapi.main", "lineno": 18, "message": "Starting up the application..."}
{"asctime": "2026-09-08  13:13:02", "msecs": 117.0, "levelname": "INFO", "correlation_id": "-", "name": "uvicorn.error", "lineno": 62, "message": "Application startup complete."}
{"asctime": "2026-09-08  13:13:02", "msecs": 334.0, "levelname": "INFO", "correlation_id": "-", "name": "uvicorn.error", "lineno": 273, "message": "Shutting down"}
{"asctime": "2026-09-08  13:13:02", "msecs": 440.0, "levelname": "INFO", "correlation_id": "-", "name": "uvicorn.error", "lineno": 67, "message": "Waiting for application shutdown."}
{"asctime": "2026-09-08  13:13:02", "msecs": 449.0, "levelname": "INFO", "correlation_id": "-", "name": "uvicorn.error", "lineno": 76, "message": "Application shutdown complete."}
{"asctime": "2026-09-08  13:13:02", "msecs": 452.0, "levelname": "INFO", "correlation_id": "-", "name": "uvicorn.error", "lineno": 104, "message": "Finished server process [16200]", "color_message": "Finished server process [\u001b[36m%d\u001b[0m]"}
{"asctime": "2026-09-08  13:13:07", "msecs": 935.0, "levelname": "INFO", "correlation_id": "-", "name": "storeapi.main", "lineno": 18, "message": "Starting up the application..."}
{"asctime": "2026-09-08  13:13:08", "msecs": 14.0, "levelname": "INFO", "correlation_id": "-", "name": "uvicorn.error", "lineno": 62, "message": "Application startup complete."}
{"asctime": "2026-09-08  13:13:08", "msecs": 19.0, "levelname": "INFO", "correlation_id": "-", "name": "uvicorn.error", "lineno": 273, "message": "Shutting down"}
{"asctime": "2026-09-08  13:13:08", "msecs": 133.0, "levelname": "INFO", "correlation_id": "-", "name": "uvicorn.error", "lineno": 67, "message": "Waiting for application shutdown."}
{"asctime": "2026-09-08  13:13:08", "msecs": 145.0, "levelname": "INFO", "correlation_id": "-", "name": "uvicorn.error", "lineno": 76, "message": "Application shutdown complete."}
{"asctime": "2026-09-08  13:13:08", "msecs": 149.0, "levelname": "INFO", "correlation_id": "-", "name": "uvicorn.error", "lineno": 104, "message": "Finished server process [23284]", "color_message": "Finished server process [\u001b[36m%d\u001b[0m]"}
{"asctime": "2026-09-08  13:13:11", "msecs": 7.0, "levelname": "INFO", "correlation_id": "-", "name": "storeapi.main", "lineno": 18, "message": "Starting up the application..."}
{"asctime": "2026-09-08  13:13:11", "msecs": 29.0, "levelname": "INFO", "correlation_id": "-", "name": "uvicorn.error", "lineno": 62, "message": "Application startup complete."}
{"asctime": "2026-09-08  13:13:20", "msecs": 207.0, "levelname": "INFO", "correlation_id": "-", "name": "uvicorn.error", "lineno": 273, "message": "Shutting down"}
{"asctime": "2026-09-08  13:13:20", "msecs": 318.0, "levelname": "INFO", "correlation_id": "-", "name": "uvicorn.error", "lineno": 67, "message": "Waiting for application shutdown."}
{"asctime": "2026-09-08  13:13:20", "msecs": 326.0, "levelname": "INFO", "correlation_id": "-", "name": "uvicorn.error", "lineno": 76, "message": "Application shutdown complete."}
{"asctime": "2026-09-08  13:13:20", "msecs": 330.0, "levelname": "INFO", "correlation_id": "-", "name": "uvicorn.error", "lineno": 104, "message": "Finished server process [14592]", "color_message": "Finished server process [\u001b[36m%d\u001b[0m]"}
{"asctime": "2026-09-08  13:13:28", "msecs": 990.0, "levelname": "INFO", "correlation_id": "-", "name": "storeapi.main", "lineno": 18, "message": "Starting up the application..."}
{"asctime": "2026-09-08  13:13:29", "msecs": 12.0, "levelname": "INFO", "correlation_id": "-", "name": "uvicorn.error", "lineno": 62, "message": "Application startup complete."}
{"asctime": "2026-09-08  13:13:38", "msecs": 746.0, "levelname": "INFO", "correlation_id": "-", "name": "uvicorn.error", "lineno": 273, "message": "Shutting down"}
{"asctime": "2026-09-08  13:13:38", "msecs": 856.0, "levelname": "INFO", "correlation_id": "-", "name": "uvicorn.error", "lineno": 67, "message": "Waiting for application shutdown."}
{"asctime": "2026-09-08  13:13:38", "msecs": 864.0, "levelname": "INFO", "correlation_id": "-", "name": "uvicorn.error", "lineno": 76, "message": "Application shutdown complete."}
{"asctime": "2026-09-08  13:13:38", "msecs": 867.0, "levelname": "INFO", "correlation_id": "-", "name": "uvicorn.error", "lineno": 104, "message": "Finished server process [17948]", "color_message": "Finished server process [\u001b[36m%d\u001b[0m]"}
{"asctime": "2026-09-08  13:13:45", "msecs": 384.0, "levelname": "INFO", "correlation_id": "-", "name": "storeapi.main", "lineno": 18, "message": "Starting up the application..."}
{"asctime": "2026-09-08  13:13:45", "msecs": 431.0, "levelname": "INFO", "correlation_id": "-", "name": "uvicorn.error", "lineno": 62, "message": "Application startup complete."}
{"asctime": "2026-09-08  13:13:55", "msecs": 855.0, "levelname": "INFO", "correlation_id": "-", "name": "uvicorn.error", "lineno": 273, "message": "Shutting down"}
{"asctime": "2026-09-08  13:13:55", "msecs": 963.0, "levelname": "INFO", "correlation_id": "-", "name": "uvicorn.error", "lineno": 67, "message": "Waiting for application shutdown."}
{"asctime": "2026-09-08  13:13:55", "msecs": 972.0, "levelname": "INFO", "correlation_id": "-", "name": "uvicorn.error", "lineno": 76, "message": "Application shutdown complete."}
{"asctime": "2026-09-08  13:13:55", "msecs": 976.0, "levelname": "INFO", "correlation_id": "-", "name": "uvicorn.error", "lineno": 104, "message": "Finished server process [5520]", "color_message": "Finished server process [\u001b[36m%d\u001b[0m]"}
{"asctime": "2026-09-08  13:13:58", "msecs": 862.0, "levelname": "INFO", "correlation_id": "-", "name": "storeapi.main", "lineno": 18, "message": "Starting up the application..."}
{"asctime": "2026-09-08  13:13:58", "msecs": 883.0, "levelname": "INFO", "correlation_id": "-", "name": "uvicorn.error", "lineno": 62, "message": "Application startup complete."}
{"asctime": "2026-09-08  13:14:00", "msecs": 88.0, "levelname": "INFO", "correlation_id": "-", "name": "uvicorn.error", "lineno": 273, "message": "Shutting down"}
{"asctime": "2026-09-08  13:14:00", "msecs": 199.0, "levelname": "INFO", "correlation_id": "-", "name": "uvicorn.error", "lineno": 67, "message": "Waiting for application shutdown."}
{"asctime": "2026-09-08  13:14:00", "msecs": 208.0, "levelname": "INFO", "correlation_id": "-", "name": "uvicorn.error", "lineno": 76, "message": "Application shutdown complete."}
{"asctime": "2026-09-08  13:14:00", "msecs": 211.0, "levelname": "INFO", "correlation_id": "-", "name": "uvicorn.error", "lineno": 104, "message": "Finished server process [400]", "color_message": "Finished server process [\u001b[36m%d\u001b[0m]"}
{"asctime": "2026-09-08  13:14:33", "msecs": 297.0, "levelname": "INFO", "correlation_id": "-", "name": "storeapi.main", "lineno": 18, "message": "Starting up the application..."}
{"asctime": "2026-09-08  13:14:33", "msecs": 316.0, "levelname": "INFO", "correlation_id": "-", "name": "uvicorn.error", "lineno": 62, "message": "Application startup complete."}
{"asctime": "2026-09-08  13:14:35", "msecs": 494.0, "levelname": "INFO", "correlation_id": "-", "name": "uvicorn.error", "lineno": 273, "message": "Shutting down"}
{"asctime": "2026-09-08  13:14:35", "msecs": 598.0, "levelname": "INFO", "correlation_id": "-", "name": "uvicorn.error", "lineno": 67, "message": "Waiting for application shutdown."}
{"asctime": "2026-09-08  13:14:35", "msecs": 614.0, "levelname": "INFO", "correlation_id": "-", "name": "uvicorn.error", "lineno": 76, "message": "Application shutdown complete."}
{"asctime": "2026-09-08  13:14:35", "msecs": 617.0, "levelname": "INFO", "correlation_id": "-", "name": "uvicorn.error", "lineno": 104, "message": "Finished server process [20676]", "color_message": "Finished server process [\u001b[36m%d\u001b[0m]"}
{"asctime": "2026-09-08  13:14:45", "msecs": 899.0, "levelname": "INFO", "correlation_id": "-", "name": "storeapi.main", "lineno": 18, "message": "Starting up the application..."}
{"asctime": "2026-09-08  13:14:45", "msecs": 948.0, "levelname": "INFO", "correlation_id": "-", "name": "uvicorn.error", "lineno": 62, "message": "Application startup complete."}
{"asctime": "2026-09-08  13:14:46", "msecs": 156.0, "levelname": "INFO", "correlation_id": "-", "name": "uvicorn.error", "lineno": 273, "message": "Shutting down"}
{"asctime": "2026-09-08  13:14:46", "msecs": 269.0, "levelname": "INFO", "correlation_id": "-", "name": "uvicorn.error", "lineno": 67, "message": "Waiting for application shutdown."}
{"asctime": "2026-09-08  13:14:46", "msecs": 279.0, "levelname": "INFO", "correlation_id": "-", "name": "uvicorn.error", "lineno": 76, "message": "Application shutdown complete."}
{"asctime": "2026-09-08  13:14:46", "msecs": 282.0, "levelname": "INFO", "correlation_id": "-", "name": "uvicorn.error", "lineno": 104, "message": "Finished server process [3372]", "color_message": "Finished server process [\u001b[36m%d\u001b[0m]"}
{"asctime": "2026-09-08  13:14:48", "msecs": 939.0, "levelname": "INFO", "correlation_id": "-", "name": "storeapi.main", "lineno": 18, "message": "Starting up the application..."}
{"asctime": "2026-09-08  13:14:48", "msecs": 970.0, "levelname": "INFO", "correlation_id": "-", "name": "uvicorn.error", "lineno": 62, "message": "Application startup complete."}
{"asctime": "2026-09-08  13:14:50", "msecs": 234.0, "levelname": "INFO", "correlation_id": "-", "name": "uvicorn.error", "lineno": 273, "message": "Shutting down"}
{"asctime": "2026-09-08  13:14:50", "msecs": 341.0, "levelname": "INFO", "correlation_id": "-", "name": "uvicorn.error", "lineno": 67, "message": "Waiting for application shutdown."}
{"asctime": "2026-09-08  13:14:50", "msecs": 348.0, "levelname": "INFO", "correlation_id": "-", "name": "uvicorn.error", "lineno": 76, "message": "Application shutdown complete."}
{"asctime": "2026-09-08  13:14:50", "msecs": 352.0, "levelname": "INFO", "correlation_id": "-", "name": "uvicorn.error", "lineno": 104, "message": "Finished server process [936]", "color_message": "Finished server process [\u001b[36m%d\u001b[0m]"}
{"asctime": "2026-09-08  13:15:47", "msecs": 702.0, "levelname": "INFO", "correlation_id": "-", "name": "storeapi.main", "lineno": 18, "message": "Starting up the application..."}
{"asctime": "2026-09-08  13:15:47", "msecs": 746.0, "levelname": "INFO", "correlation_id": "-", "name": "uvicorn.error", "lineno": 62, "message": "Application startup complete."}
{"asctime": "2026-09-08  13:15:47", "msecs": 750.0, "levelname": "INFO", "correlation_id": "-", "name": "uvicorn.error", "lineno": 273, "message": "Shutting down"}
{"asctime": "2026-09-08  13:15:47", "msecs": 869.0, "levelname": "INFO", "correlation_id": "-", "name": "uvicorn.error", "lineno": 67, "message": "Waiting for application shutdown."}
{"asctime": "2026-09-08  13:15:47", "msecs": 883.0, "levelname": "INFO", "correlation_id": "-", "name": "uvicorn.error", "lineno": 76, "message": "Application shutdown complete."}
{"asctime": "2026-09-08  13:15:47", "msecs": 888.0, "levelname": "INFO", "correlation_id": "-", "name": "uvicorn.error", "lineno": 104, "message": "Finished server process [6984]", "color_message": "Finished server process [\u001b[36m%d\u001b[0m]"}
{"asctime": "2026-09-08  13:15:50", "msecs": 604.0, "levelname": "INFO", "correlation_id": "-", "name": "storeapi.main", "lineno": 18, "message": "Starting up the application..."}
{"asctime": "2026-09-08  13:15:50", "msecs": 628.0, "levelname": "INFO", "correlation_id": "-", "name": "uvicorn.error", "lineno": 62, "message": "Application startup complete."}
{"asctime": "2026-09-08  13:15:50", "msecs": 631.0, "levelname": "INFO", "correlation_id": "-", "name": "uvicorn.error", "lineno": 273, "message": "Shutting down"}
{"asctime": "2026-09-08  13:15:50", "msecs": 741.0, "levelname": "INFO", "correlation_id": "-", "name": "uvicorn.error", "lineno": 67, "message": "Waiting for application shutdown."}
{"asctime": "2026-09-08  13:15:50", "msecs": 748.0, "levelname": "INFO", "correlation_id": "-", "name": "uvicorn.error", "lineno": 76, "message": "Application shutdown complete."}
{"asctime": "2026-09-08  13:15:50", "msecs": 753.0, "levelname": "INFO", "correlation_id": "-", "name": "uvicorn.error", "lineno": 104, "message": "Finished server process [23356]", "color_message": "Finished server process [\u001b[36m%d\u001b[0m]"}
{"asctime": "2026-09-08  13:15:53", "msecs": 791.0, "levelname": "INFO", "correlation_id": "-", "name": "storeapi.main", "lineno": 18, "message": "Starting up the application..."}
{"asctime": "2026-09-08  13:15:53", "msecs": 818.0, "levelname": "INFO", "correlation_id": "-", "name": "uvicorn.error", "lineno": 62, "message": "Application startup complete."}
{"asctime": "2026-09-08  13:16:02", "msecs": 786.0, "levelname": "INFO", "correlation_id": "-", "name": "uvicorn.error", "lineno": 273, "message": "Shutting down"}
{"asctime": "2026-09-08  13:16:02", "msecs": 895.0, "levelname": "INFO", "correlation_id": "-", "name": "uvicorn.error", "lineno": 67, "message": "Waiting for application shutdown."}
{"asctime": "2026-09-08  13:16:02", "msecs": 905.0, "levelname": "INFO", "correlation_id": "-", "name": "uvicorn.error", "lineno": 76, "message": "Application shutdown complete."}
{"asctime": "2026-09-08  13:16:02", "msecs": 908.0, "levelname": "INFO", "correlation_id": "-", "name": "uvicorn.error", "lineno": 104, "message": "Finished server process [22620]", "color_message": "Finished server process [\u001b[36m%d\u001b[0m]"}
{"asctime": "2026-09-08  13:16:05", "msecs": 918.0, "levelname": "INFO", "correlation_id": "-", "name": "storeapi.main", "lineno": 18, "message": "Starting up the application..."}
{"asctime": "2026-09-08  13:16:05", "msecs": 945.0, "levelname": "INFO", "correlation_id": "-", "name": "uvicorn.error", "lineno": 62, "message": "Application startup complete."}
{"asctime": "2026-09-08  13:16:16", "msecs": 635.0, "levelname": "INFO", "correlation_id": "-", "name": "uvicorn.error", "lineno": 273, "message": "Shutting down"}
{"asctime": "2026-09-08  13:16:16", "msecs": 748.0, "levelname": "INFO", "correlation_id": "-", "name": "uvicorn.error", "lineno": 67, "message": "Waiting for application shutdown."}
{"asctime": "2026-09-08  13:16:16", "msecs": 755.0, "levelname": "INFO", "correlation_id": "-", "name": "uvicorn.error", "lineno": 76, "message": "Application shutdown complete."}
{"asctime": "2026-09-08  13:16:16", "msecs": 759.0, "levelname": "INFO", "correlation_id": "-", "name": "uvicorn.error", "lineno": 104, "message": "Finished server process [4944]", "color_message": "Finished server process [\u001b[36m%d\u001b[0m]"}
{"asctime": "2026-09-08  13:16:19", "msecs": 371.0, "levelname": "INFO", "correlation_id": "-", "name": "storeapi.main", "lineno": 18, "message": "Starting up the application..."}
{"asctime": "2026-09-08  13:16:19", "msecs": 397.0, "levelname": "INFO", "correlation_id": "-", "name": "uvicorn.error", "lineno": 62, "message": "Application startup complete."}
{"asctime": "2026-09-08  13:17:27", "msecs": 452.0, "levelname": "INFO", "correlation_id": "-", "name": "uvicorn.error", "lineno": 273, "message": "Shutting down"}
{"asctime": "2026-09-08  13:17:27", "msecs": 564.0, "levelname": "INFO", "correlation_id": "-", "name": "uvicorn.error", "lineno": 67, "message": "Waiting for application shutdown."}
{"asctime": "2026-09-08  13:17:27", "msecs": 575.0, "levelname": "INFO", "correlation_id": "-", "name": "uvicorn.error", "lineno": 76, "message": "Application shutdown complete."}
{"asctime": "2026-09-08  13:17:27", "msecs": 579.0, "levelname": "INFO", "correlation_id": "-", "name": "uvicorn.error", "lineno": 104, "message": "Finished server process [21752]", "color_message": "Finished server process [\u001b[36m%d\u001b[0m]"}
{"asctime": "2026-09-08  13:17:55", "msecs": 203.0, "levelname": "INFO", "correlation_id": "-", "name": "storeapi.main", "lineno": 18, "message": "Starting up the application..."}
{"asctime": "2026-09-08  13:17:55", "msecs": 236.0, "levelname": "INFO", "correlation_id": "-", "name": "uvicorn.error", "lineno": 62, "message": "Application startup complete."}
{"asctime": "2026-09-08  13:18:08", "msecs": 748.0, "levelname": "INFO", "correlation_id": "-", "name": "uvicorn.error", "lineno": 273, "message": "Shutting down"}
{"asctime": "2026-09-08  13:18:08", "msecs": 857.0, "levelname": "INFO", "correlation_id": "-", "name": "uvicorn.error", "lineno": 67, "message": "Waiting for application shutdown."}
{"asctime": "2026-09-08  13:18:08", "msecs": 872.0, "levelname": "INFO", "correlation_id": "-", "name": "uvicorn.error", "lineno": 76, "message": "Application shutdown complete."}
{"asctime": "2026-09-08  13:18:08", "msecs": 889.0, "levelname": "INFO", "correlation_id": "-", "name": "uvicorn.error", "lineno": 104, "message": "Finished server process [20144]", "color_message": "Finished server process [\u001b[36m%d\u001b[0m]"}
{"asctime": "2026-09-08  13:18:11", "msecs": 845.0, "levelname": "INFO", "correlation_id": "-", "name": "storeapi.main", "lineno": 18, "message": "Starting up the application..."}
{"asctime": "2026-09-08  13:18:11", "msecs": 876.0, "levelname": "INFO", "correlation_id": "-", "name": "uvicorn.error", "lineno": 62, "message": "Application startup complete."}
{"asctime": "2026-09-08  13:36:35", "msecs": 663.0, "levelname": "INFO", "correlation_id": "-", "name": "uvicorn.error", "lineno": 273, "message": "Shutting down"}
{"asctime": "2026-09-08  13:36:35", "msecs": 783.0, "levelname": "INFO", "correlation_id": "-", "name": "uvicorn.error", "lineno": 67, "message": "Waiting for application shutdown."}
{"asctime": "2026-09-08  13:36:35", "msecs": 795.0, "levelname": "INFO", "correlation_id": "-", "name": "uvicorn.error", "lineno": 76, "message": "Application shutdown complete."}
{"asctime": "2026-09-08  13:36:35", "msecs": 798.0, "levelname": "INFO", "correlation_id": "-", "name": "uvicorn.error", "lineno": 104, "message": "Finished server process [10000]", "color_message": "Finished server process [\u001b[36m%d\u001b[0m]"}
{"asctime": "2026-09-08  13:36:38", "msecs": 812.0, "levelname": "INFO", "correlation_id": "-", "name": "storeapi.main", "lineno": 18, "message": "Starting up the application..."}
{"asctime": "2026-09-08  13:36:38", "msecs": 846.0, "levelname": "INFO", "correlation_id": "-", "name": "uvicorn.error", "lineno": 62, "message": "Application startup complete."}
{"asctime": "2026-09-08  13:36:58", "msecs": 836.0, "levelname": "INFO", "correlation_id": "-", "name": "uvicorn.error", "lineno": 273, "message": "Shutting down"}
{"asctime": "2026-09-08  13:36:58", "msecs": 947.0, "levelname": "INFO", "correlation_id": "-", "name": "uvicorn.error", "lineno": 67, "message": "Waiting for application shutdown."}
{"asctime": "2026-09-08  13:36:58", "msecs": 956.0, "levelname": "INFO", "correlation_id": "-", "name": "uvicorn.error", "lineno": 76, "message": "Application shutdown complete."}
{"asctime": "2026-09-08  13:36:58", "msecs": 960.0, "levelname": "INFO", "correlation_id": "-", "name": "uvicorn.error", "lineno": 104, "message": "Finished server process [7988]", "color_message": "Finished server process [\u001b[36m%d\u001b[0m]"}
{"asctime": "2026-09-08  13:37:38", "msecs": 933.0, "levelname": "INFO", "correlation_id": "-", "name": "storeapi.main", "lineno": 18, "message": "Starting up the application..."}
{"asctime": "2026-09-08  13:37:38", "msecs": 958.0, "levelname": "INFO", "correlation_id": "-", "name": "uvicorn.error", "lineno": 62, "message": "Application startup complete."}
{"asctime": "2026-09-08  13:37:50", "msecs": 594.0, "levelname": "INFO", "correlation_id": "-", "name": "uvicorn.error", "lineno": 273, "message": "Shutting down"}
{"asctime": "2026-09-08  13:37:50", "msecs": 708.0, "levelname": "INFO", "correlation_id": "-", "name": "uvicorn.error", "lineno": 67, "message": "Waiting for application shutdown."}
{"asctime": "2026-09-08  13:37:50", "msecs": 717.0, "levelname": "INFO", "correlation_id": "-", "name": "uvicorn.error", "lineno": 76, "message": "Application shutdown complete."}
{"asctime": "2026-09-08  13:37:50", "msecs": 723.0, "levelname": "INFO", "correlation_id": "-", "name": "uvicorn.error", "lineno": 104, "message": "Finished server process [17968]", "color_message": "Finished server process [\u001b[36m%d\u001b[0m]"}
{"asctime": "2026-09-08  13:42:34", "msecs": 263.0, "levelname": "INFO", "correlation_id": "-", "name": "storeapi.main", "lineno": 18, "message": "Starting up the application..."}
{"asctime": "2026-09-08  13:42:34", "msecs": 301.0, "levelname": "INFO", "correlation_id": "-", "name": "uvicorn.error", "lineno": 62, "message": "Application startup complete."}
{"asctime": "2026-09-08  13:42:53", "msecs": 268.0, "levelname": "INFO", "correlation_id": "c413ad94", "name": "storeapi.routers.post", "lineno": 19, "message": "finding a post with id: 1"}
{"asctime": "2026-09-08  13:42:53", "msecs": 280.0, "levelname": "DEBUG", "correlation_id": "c413ad94", "name": "storeapi.routers.post", "lineno": 21, "message": "SELECT posts.id, posts.title, posts.description \nFROM posts \nWHERE posts.id = :id_1"}
{"asctime": "2026-09-08  13:42:53", "msecs": 304.0, "levelname": "INFO", "correlation_id": "c413ad94", "name": "storeapi.routers.post", "lineno": 71, "message": "Getting post and comments of post-id 1"}
{"asctime": "2026-09-08  13:42:53", "msecs": 309.0, "levelname": "DEBUG", "correlation_id": "c413ad94", "name": "storeapi.routers.post", "lineno": 73, "message": "SELECT comments.id, comments.body, comments.post_id \nFROM comments \nWHERE comments.post_id = :post_id_1"}
{"asctime": "2026-09-08  13:42:53", "msecs": 326.0, "levelname": "INFO", "correlation_id": "c413ad94", "name": "uvicorn.access", "lineno": 482, "message": "127.0.0.1:49690 - \"GET /post/1 HTTP/1.1\" 200"}
{"asctime": "2026-09-08  13:43:02", "msecs": 937.0, "levelname": "DEBUG", "correlation_id": "895eedfc", "name": "storeapi.routers.post", "lineno": 30, "message": "INSERT INTO posts (title, description) VALUES (:title, :description)"}
{"asctime": "2026-09-08  13:43:02", "msecs": 956.0, "levelname": "INFO", "correlation_id": "895eedfc", "name": "storeapi.routers.post", "lineno": 31, "message": "a new post was created.."}
{"asctime": "2026-09-08  13:43:02", "msecs": 960.0, "levelname": "INFO", "correlation_id": "895eedfc", "name": "uvicorn.access", "lineno": 482, "message": "127.0.0.1:49708 - \"POST /post HTTP/1.1\" 201"}
{"asctime": "2026-09-08  13:43:09", "msecs": 215.0, "levelname": "INFO", "correlation_id": "6744547d", "name": "storeapi.routers.post", "lineno": 19, "message": "finding a post with id: 1"}
{"asctime": "2026-09-08  13:43:09", "msecs": 219.0, "levelname": "DEBUG", "correlation_id": "6744547d", "name": "storeapi.routers.post", "lineno": 21, "message": "SELECT posts.id, posts.title, posts.description \nFROM posts \nWHERE posts.id = :id_1"}
{"asctime": "2026-09-08  13:43:09", "msecs": 234.0, "levelname": "INFO", "correlation_id": "6744547d", "name": "storeapi.routers.post", "lineno": 47, "message": "a new comment was created for post-id: 1"}
{"asctime": "2026-09-08  13:43:09", "msecs": 238.0, "levelname": "DEBUG", "correlation_id": "6744547d", "name": "storeapi.routers.post", "lineno": 50, "message": "INSERT INTO comments (body, post_id) VALUES (:body, :post_id)"}
{"asctime": "2026-09-08  13:43:09", "msecs": 264.0, "levelname": "INFO", "correlation_id": "6744547d", "name": "uvicorn.access", "lineno": 482, "message": "127.0.0.1:49712 - \"POST /comment HTTP/1.1\" 201"}
{"asctime": "2026-09-08  13:43:13", "msecs": 864.0, "levelname": "INFO", "correlation_id": "020ad866", "name": "storeapi.routers.post", "lineno": 19, "message": "finding a post with id: 1"}
{"asctime": "2026-09-08  13:43:13", "msecs": 872.0, "levelname": "DEBUG", "correlation_id": "020ad866", "name": "storeapi.routers.post", "lineno": 21, "message": "SELECT posts.id, posts.title, posts.description \nFROM posts \nWHERE posts.id = :id_1"}
{"asctime": "2026-09-08  13:43:13", "msecs": 887.0, "levelname": "INFO", "correlation_id": "020ad866", "name": "storeapi.routers.post", "lineno": 71, "message": "Getting post and comments of post-id 1"}
{"asctime": "2026-09-08  13:43:13", "msecs": 892.0, "levelname": "DEBUG", "correlation_id": "020ad866", "name": "storeapi.routers.post", "lineno": 73, "message": "SELECT comments.id, comments.body, comments.post_id \nFROM comments \nWHERE comments.post_id = :post_id_1"}
{"asctime": "2026-09-08  13:43:13", "msecs": 906.0, "levelname": "INFO", "correlation_id": "020ad866", "name": "uvicorn.access", "lineno": 482, "message": "127.0.0.1:49712 - \"GET /post/1 HTTP/1.1\" 200"}
{"asctime": "2026-09-08  13:46:58", "msecs": 520.0, "levelname": "INFO", "correlation_id": "4554ac05", "name": "storeapi.routers.post", "lineno": 19, "message": "finding a post with id: 1"}
{"asctime": "2026-09-08  13:46:58", "msecs": 527.0, "levelname": "DEBUG", "correlation_id": "4554ac05", "name": "storeapi.routers.post", "lineno": 21, "message": "SELECT posts.id, posts.title, posts.description \nFROM posts \nWHERE posts.id = :id_1"}
{"asctime": "2026-09-08  13:46:58", "msecs": 611.0, "levelname": "INFO", "correlation_id": "4554ac05", "name": "storeapi.routers.post", "lineno": 71, "message": "Getting post and comments of post-id 1"}
{"asctime": "2026-09-08  13:46:58", "msecs": 626.0, "levelname": "DEBUG", "correlation_id": "4554ac05", "name": "storeapi.routers.post", "lineno": 73, "message": "SELECT comments.id, comments.body, comments.post_id \nFROM comments \nWHERE comments.post_id = :post_id_1"}
{"asctime": "2026-09-08  13:46:58", "msecs": 653.0, "levelname": "INFO", "correlation_id": "4554ac05", "name": "uvicorn.access", "lineno": 482, "message": "127.0.0.1:53354 - \"GET /post/1 HTTP/1.1\" 200"}
{"asctime": "2026-09-08  13:47:00", "msecs": 847.0, "levelname": "INFO", "correlation_id": "4cc1edf7", "name": "storeapi.routers.post", "lineno": 19, "message": "finding a post with id: 1"}
{"asctime": "2026-09-08  13:47:00", "msecs": 852.0, "levelname": "DEBUG", "correlation_id": "4cc1edf7", "name": "storeapi.routers.post", "lineno": 21, "message": "SELECT posts.id, posts.title, posts.description \nFROM posts \nWHERE posts.id = :id_1"}
{"asctime": "2026-09-08  13:47:00", "msecs": 867.0, "levelname": "INFO", "correlation_id": "4cc1edf7", "name": "storeapi.routers.post", "lineno": 71, "message": "Getting post and comments of post-id 1"}
{"asctime": "2026-09-08  13:47:00", "msecs": 871.0, "levelname": "DEBUG", "correlation_id": "4cc1edf7", "name": "storeapi.routers.post", "lineno": 73, "message": "SELECT comments.id, comments.body, comments.post_id \nFROM comments \nWHERE comments.post_id = :post_id_1"}
{"asctime": "2026-09-08  13:47:00", "msecs": 887.0, "levelname": "INFO", "correlation_id": "4cc1edf7", "name": "uvicorn.access", "lineno": 482, "message": "127.0.0.1:53354 - \"GET /post/1 HTTP/1.1\" 200"}
{"asctime": "2026-09-08  13:47:38", "msecs": 124.0, "levelname": "INFO", "correlation_id": "-", "name": "uvicorn.error", "lineno": 273, "message": "Shutting down"}
{"asctime": "2026-09-08  13:47:38", "msecs": 243.0, "levelname": "INFO", "correlation_id": "-", "name": "uvicorn.error", "lineno": 67, "message": "Waiting for application shutdown."}
{"asctime": "2026-09-08  13:47:38", "msecs": 257.0, "levelname": "INFO", "correlation_id": "-", "name": "uvicorn.error", "lineno": 76, "message": "Application shutdown complete."}
{"asctime": "2026-09-08  13:47:38", "msecs": 261.0, "levelname": "INFO", "correlation_id": "-", "name": "uvicorn.error", "lineno": 104, "message": "Finished server process [15844]", "color_message": "Finished server process [\u001b[36m%d\u001b[0m]"}
{"asctime": "2026-09-08  13:47:45", "msecs": 881.0, "levelname": "INFO", "correlation_id": "-", "name": "storeapi.main", "lineno": 18, "message": "Starting up the application..."}
{"asctime": "2026-09-08  13:47:45", "msecs": 914.0, "levelname": "INFO", "correlation_id": "-", "name": "uvicorn.error", "lineno": 62, "message": "Application startup complete."}
{"asctime": "2026-09-08  13:47:46", "msecs": 229.0, "levelname": "INFO", "correlation_id": "-", "name": "uvicorn.error", "lineno": 273, "message": "Shutting down"}
{"asctime": "2026-09-08  13:47:46", "msecs": 337.0, "levelname": "INFO", "correlation_id": "-", "name": "uvicorn.error", "lineno": 67, "message": "Waiting for application shutdown."}
{"asctime": "2026-09-08  13:47:46", "msecs": 348.0, "levelname": "INFO", "correlation_id": "-", "name": "uvicorn.error", "lineno": 76, "message": "Application shutdown complete."}
{"asctime": "2026-09-08  13:47:46", "msecs": 351.0, "levelname": "INFO", "correlation_id": "-", "name": "uvicorn.error", "lineno": 104, "message": "Finished server process [22044]", "color_message": "Finished server process [\u001b[36m%d\u001b[0m]"}
{"asctime": "2026-09-08  13:47:50", "msecs": 960.0, "levelname": "INFO", "correlation_id": "-", "name": "storeapi.main", "lineno": 18, "message": "Starting up the application..."}
{"asctime": "2026-09-08  13:47:50", "msecs": 992.0, "levelname": "INFO", "correlation_id": "-", "name": "uvicorn.error", "lineno": 62, "message": "Application startup complete."}
{"asctime": "2026-09-08  13:52:13", "msecs": 454.0, "levelname": "INFO", "correlation_id": "-", "name": "uvicorn.error", "lineno": 273, "message": "Shutting down"}
{"asctime": "2026-09-08  13:52:13", "msecs": 564.0, "levelname": "INFO", "correlation_id": "-", "name": "uvicorn.error", "lineno": 67, "message": "Waiting for application shutdown."}
{"asctime": "2026-09-08  13:52:13", "msecs": 618.0, "levelname": "INFO", "correlation_id": "-", "name": "uvicorn.error", "lineno": 76, "message": "Application shutdown complete."}
{"asctime": "2026-09-08  13:52:13", "msecs": 622.0, "levelname": "INFO", "correlation_id": "-", "name": "uvicorn.error", "lineno": 104, "message": "Finished server process [19312]", "color_message": "Finished server process [\u001b[36m%d\u001b[0m]"}
{"asctime": "2026-09-08  13:52:26", "msecs": 898.0, "levelname": "INFO", "correlation_id": "-", "name": "storeapi.main", "lineno": 18, "message": "Starting up the application..."}
{"asctime": "2026-09-08  13:52:26", "msecs": 925.0, "levelname": "INFO", "correlation_id": "-", "name": "uvicorn.error", "lineno": 62, "message": "Application startup complete."}
{"asctime": "2026-09-08  13:54:01", "msecs": 622.0, "levelname": "INFO", "correlation_id": "-", "name": "uvicorn.error", "lineno": 273, "message": "Shutting down"}
{"asctime": "2026-09-08  13:54:01", "msecs": 735.0, "levelname": "INFO", "correlation_id": "-", "name": "uvicorn.error", "lineno": 67, "message": "Waiting for application shutdown."}
{"asctime": "2026-09-08  13:54:01", "msecs": 746.0, "levelname": "INFO", "correlation_id": "-", "name": "uvicorn.error", "lineno": 76, "message": "Application shutdown complete."}
{"asctime": "2026-09-08  13:54:01", "msecs": 751.0, "levelname": "INFO", "correlation_id": "-", "name": "uvicorn.error", "lineno": 104, "message": "Finished server process [17804]", "color_message": "Finished server process [\u001b[36m%d\u001b[0m]"}
{"asctime": "2026-09-08  13:54:05", "msecs": 294.0, "levelname": "INFO", "correlation_id": "-", "name": "storeapi.main", "lineno": 18, "message": "Starting up the application..."}
{"asctime": "2026-09-08  13:54:05", "msecs": 332.0, "levelname": "INFO", "correlation_id": "-", "name": "uvicorn.error", "lineno": 62, "message": "Application startup complete."}
{"asctime": "2026-09-08  13:55:04", "msecs": 147.0, "levelname": "INFO", "correlation_id": "-", "name": "uvicorn.error", "lineno": 273, "message": "Shutting down"}
{"asctime": "2026-09-08  13:55:04", "msecs": 267.0, "levelname": "INFO", "correlation_id": "-", "name": "uvicorn.error", "lineno": 67, "message": "Waiting for application shutdown."}
{"asctime": "2026-09-08  13:55:04", "msecs": 278.0, "levelname": "INFO", "correlation_id": "-", "name": "uvicorn.error", "lineno": 76, "message": "Application shutdown complete."}
{"asctime": "2026-09-08  13:55:04", "msecs": 282.0, "levelname": "INFO", "correlation_id": "-", "name": "uvicorn.error", "lineno": 104, "message": "Finished server process [9268]", "color_message": "Finished server process [\u001b[36m%d\u001b[0m]"}
{"asctime": "2026-09-08  13:55:12", "msecs": 789.0, "levelname": "INFO", "correlation_id": "-", "name": "storeapi.main", "lineno": 18, "message": "Starting up the application..."}
{"asctime": "2026-09-08  13:55:12", "msecs": 815.0, "levelname": "INFO", "correlation_id": "-", "name": "uvicorn.error", "lineno": 62, "message": "Application startup complete."}
{"asctime": "2026-09-08  13:55:18", "msecs": 928.0, "levelname": "INFO", "correlation_id": "-", "name": "uvicorn.error", "lineno": 273, "message": "Shutting down"}
{"asctime": "2026-09-08  13:55:19", "msecs": 39.0, "levelname": "INFO", "correlation_id": "-", "name": "uvicorn.error", "lineno": 67, "message": "Waiting for application shutdown."}
{"asctime": "2026-09-08  13:55:19", "msecs": 48.0, "levelname": "INFO", "correlation_id": "-", "name": "uvicorn.error", "lineno": 76, "message": "Application shutdown complete."}
{"asctime": "2026-09-08  13:55:19", "msecs": 53.0, "levelname": "INFO", "correlation_id": "-", "name": "uvicorn.error", "lineno": 104, "message": "Finished server process [16848]", "color_message": "Finished server process [\u001b[36m%d\u001b[0m]"}
{"asctime": "2026-09-08  13:55:21", "msecs": 918.0, "levelname": "INFO", "correlation_id": "-", "name": "storeapi.main", "lineno": 18, "message": "Starting up the application..."}
{"asctime": "2026-09-08  13:55:21", "msecs": 950.0, "levelname": "INFO", "correlation_id": "-", "name": "uvicorn.error", "lineno": 62, "message": "Application startup complete."}
{"asctime": "2026-09-08  13:55:27", "msecs": 285.0, "levelname": "INFO", "correlation_id": "a1aa52d1", "name": "storeapi.routers.post", "lineno": 38, "message": "Testing Logtail integration", "email": "us**@example.com"}
{"asctime": "2026-09-08  13:55:27", "msecs": 289.0, "levelname": "INFO", "correlation_id": "a1aa52d1", "name": "storeapi.routers.post", "lineno": 40, "message": "Getting all posts.."}
{"asctime": "2026-09-08  13:55:27", "msecs": 295.0, "levelname": "DEBUG", "correlation_id": "a1aa52d1", "name": "storeapi.routers.post", "lineno": 42, "message": "SELECT posts.id, posts.title, posts.description \nFROM posts"}
{"asctime": "2026-09-08  13:55:27", "msecs": 310.0, "levelname": "INFO", "correlation_id": "a1aa52d1", "name": "uvicorn.access", "lineno": 482, "message": "127.0.0.1:64357 - \"GET /post HTTP/1.1\" 200"}
{"asctime": "2026-09-08  13:56:42", "msecs": 302.0, "levelname": "INFO", "correlation_id": "-", "name": "uvicorn.error", "lineno": 273, "message": "Shutting down"}
{"asctime": "2026-09-08  13:56:42", "msecs": 419.0, "levelname": "INFO", "correlation_id": "-", "name": "uvicorn.error", "lineno": 67, "message": "Waiting for application shutdown."}
{"asctime": "2026-09-08  13:56:42", "msecs": 428.0, "levelname": "INFO", "correlation_id": "-", "name": "uvicorn.error", "lineno": 76, "message": "Application shutdown complete."}
{"asctime": "2026-09-08  13:56:42", "msecs": 432.0, "levelname": "INFO", "correlation_id": "-", "name": "uvicorn.error", "lineno": 104, "message": "Finished server process [2540]", "color_message": "Finished server process [\u001b[36m%d\u001b[0m]"}
{"asctime": "2026-09-08  13:56:45", "msecs": 862.0, "levelname": "INFO", "correlation_id": "-", "name": "storeapi.main", "lineno": 18, "message": "Starting up the application..."}
{"asctime": "2026-09-08  13:56:45", "msecs": 887.0, "levelname": "INFO", "correlation_id": "-", "name": "uvicorn.error", "lineno": 62, "message": "Application startup complete."}
{"asctime": "2026-09-08  13:58:15", "msecs": 734.0, "levelname": "INFO", "correlation_id": "-", "name": "uvicorn.error", "lineno": 273, "message": "Shutting down"}
{"asctime": "2026-09-08  13:58:15", "msecs": 861.0, "levelname": "INFO", "correlation_id": "-", "name": "uvicorn.error", "lineno": 67, "message": "Waiting for application shutdown."}
{"asctime": "2026-09-08  13:58:16", "msecs": 40.0, "levelname": "INFO", "correlation_id": "-", "name": "uvicorn.error", "lineno": 76, "message": "Application shutdown complete."}
{"asctime": "2026-09-08  13:58:16", "msecs": 45.0, "levelname": "INFO", "correlation_id": "-", "name": "uvicorn.error", "lineno": 104, "message": "Finished server process [23024]", "color_message": "Finished server process [\u001b[36m%d\u001b[0m]"}
{"asctime": "2026-09-08  13:58:19", "msecs": 77.0, "levelname": "INFO", "correlation_id": "-", "name": "storeapi.main", "lineno": 18, "message": "Starting up the application..."}
{"asctime": "2026-09-08  13:58:19", "msecs": 104.0, "levelname": "INFO", "correlation_id": "-", "name": "uvicorn.error", "lineno": 62, "message": "Application startup complete."}
{"asctime": "2026-09-08  14:11:46", "msecs": 633.0, "levelname": "INFO", "correlation_id": "-", "name": "uvicorn.error", "lineno": 273, "message": "Shutting down"}
{"asctime": "2026-09-08  14:11:46", "msecs": 754.0, "levelname": "INFO", "correlation_id": "-", "name": "uvicorn.error", "lineno": 67, "message": "Waiting for application shutdown."}
{"asctime": "2026-09-08  14:11:46", "msecs": 770.0, "levelname": "INFO", "correlation_id": "-", "name": "uvicorn.error", "lineno": 76, "message": "Application shutdown complete."}
{"asctime": "2026-09-08  14:11:46", "msecs": 774.0, "levelname": "INFO", "correlation_id": "-", "name": "uvicorn.error", "lineno": 104, "message": "Finished server process [23064]", "color_message": "Finished server process [\u001b[36m%d\u001b[0m]"}
{"asctime": "2026-09-08  14:11:50", "msecs": 99.0, "levelname": "INFO", "correlation_id": "-", "name": "storeapi.main", "lineno": 18, "message": "Starting up the application..."}
{"asctime": "2026-09-08  14:11:50", "msecs": 123.0, "levelname": "INFO", "correlation_id": "-", "name": "uvicorn.error", "lineno": 62, "message": "Application startup complete."}
{"asctime": "2026-09-08  14:12:36", "msecs": 493.0, "levelname": "INFO", "correlation_id": "-", "name": "uvicorn.error", "lineno": 273, "message": "Shutting down"}
{"asctime": "2026-09-08  14:12:36", "msecs": 604.0, "levelname": "INFO", "correlation_id": "-", "name": "uvicorn.error", "lineno": 67, "message": "Waiting for application shutdown."}
{"asctime": "2026-09-08  14:12:36", "msecs": 634.0, "levelname": "INFO", "correlation_id": "-", "name": "uvicorn.error", "lineno": 76, "message": "Application shutdown complete."}
{"asctime": "2026-09-08  14:12:36", "msecs": 644.0, "levelname": "INFO", "correlation_id": "-", "name": "uvicorn.error", "lineno": 104, "message": "Finished server process [7540]", "color_message": "Finished server process [\u001b[36m%d\u001b[0m]"}
{"asctime": "2026-09-08  14:12:40", "msecs": 120.0, "levelname": "INFO", "correlation_id": "-", "name": "storeapi.main", "lineno": 18, "message": "Starting up the application..."}
{"asctime": "2026-09-08  14:12:40", "msecs": 166.0, "levelname": "INFO", "correlation_id": "-", "name": "uvicorn.error", "lineno": 62, "message": "Application startup complete."}
{"asctime": "2026-09-08  14:12:40", "msecs": 170.0, "levelname": "INFO", "correlation_id": "-", "name": "uvicorn.error", "lineno": 273, "message": "Shutting down"}
{"asctime": "2026-09-08  14:12:40", "msecs": 279.0, "levelname": "INFO", "correlation_id": "-", "name": "uvicorn.error", "lineno": 67, "message": "Waiting for application shutdown."}
{"asctime": "2026-09-08  14:12:40", "msecs": 285.0, "levelname": "INFO", "correlation_id": "-", "name": "uvicorn.error", "lineno": 76, "message": "Application shutdown complete."}
{"asctime": "2026-09-08  14:12:40", "msecs": 290.0, "levelname": "INFO", "correlation_id": "-", "name": "uvicorn.error", "lineno": 104, "message": "Finished server process [8988]", "color_message": "Finished server process [\u001b[36m%d\u001b[0m]"}
{"asctime": "2026-09-08  14:12:55", "msecs": 831.0, "levelname": "INFO", "correlation_id": "-", "name": "storeapi.main", "lineno": 18, "message": "Starting up the application..."}
{"asctime": "2026-09-08  14:12:55", "msecs": 852.0, "levelname": "INFO", "correlation_id": "-", "name": "uvicorn.error", "lineno": 62, "message": "Application startup complete."}
{"asctime": "2026-09-08  14:12:55", "msecs": 855.0, "levelname": "INFO", "correlation_id": "-", "name": "uvicorn.error", "lineno": 273, "message": "Shutting down"}
{"asctime": "2026-09-08  14:12:55", "msecs": 971.0, "levelname": "INFO", "correlation_id": "-", "name": "uvicorn.error", "lineno": 67, "message": "Waiting for application shutdown."}
{"asctime": "2026-09-08  14:12:55", "msecs": 978.0, "levelname": "INFO", "correlation_id": "-", "name": "uvicorn.error", "lineno": 76, "message": "Application shutdown complete."}
{"asctime": "2026-09-08  14:12:55", "msecs": 982.0, "levelname": "INFO", "correlation_id": "-", "name": "uvicorn.error", "lineno": 104, "message": "Finished server process [21152]", "color_message": "Finished server process [\u001b[36m%d\u001b[0m]"}
{"asctime": "2026-09-08  14:13:00", "msecs": 911.0, "levelname": "INFO", "correlation_id": "-", "name": "storeapi.main", "lineno": 18, "message": "Starting up the application..."}
{"asctime": "2026-09-08  14:13:00", "msecs": 936.0, "levelname": "INFO", "correlation_id": "-", "name": "uvicorn.error", "lineno": 62, "message": "Application startup complete."}
{"asctime": "2026-09-08  14:13:00", "msecs": 941.0, "levelname": "INFO", "correlation_id": "-", "name": "uvicorn.error", "lineno": 273, "message": "Shutting down"}
{"asctime": "2026-09-08  14:13:01", "msecs": 56.0, "levelname": "INFO", "correlation_id": "-", "name": "uvicorn.error", "lineno": 67, "message": "Waiting for application shutdown."}
{"asctime": "2026-09-08  14:13:01", "msecs": 65.0, "levelname": "INFO", "correlation_id": "-", "name": "uvicorn.error", "lineno": 76, "message": "Application shutdown complete."}
{"asctime": "2026-09-08  14:13:01", "msecs": 70.0, "levelname": "INFO", "correlation_id": "-", "name": "uvicorn.error", "lineno": 104, "message": "Finished server process [9224]", "color_message": "Finished server process [\u001b[36m%d\u001b[0m]"}
{"asctime": "2026-09-08  14:13:05", "msecs": 371.0, "levelname": "INFO", "correlation_id": "-", "name": "storeapi.main", "lineno": 18, "message": "Starting up the application..."}
{"asctime": "2026-09-08  14:13:05", "msecs": 397.0, "levelname": "INFO", "correlation_id": "-", "name": "uvicorn.error", "lineno": 62, "message": "Application startup complete."}
{"asctime": "2026-09-08  14:13:16", "msecs": 402.0, "levelname": "INFO", "correlation_id": "-", "name": "uvicorn.error", "lineno": 273, "message": "Shutting down"}
{"asctime": "2026-09-08  14:13:16", "msecs": 510.0, "levelname": "INFO", "correlation_id": "-", "name": "uvicorn.error", "lineno": 67, "message": "Waiting for application shutdown."}
{"asctime": "2026-09-08  14:13:16", "msecs": 521.0, "levelname": "INFO", "correlation_id": "-", "name": "uvicorn.error", "lineno": 76, "message": "Application shutdown complete."}
{"asctime": "2026-09-08  14:13:16", "msecs": 532.0, "levelname": "INFO", "correlation_id": "-", "name": "uvicorn.error", "lineno": 104, "message": "Finished server process [22116]", "color_message": "Finished server process [\u001b[36m%d\u001b[0m]"}
{"asctime": "2026-09-08  14:13:19", "msecs": 516.0, "levelname": "INFO", "correlation_id": "-", "name": "storeapi.main", "lineno": 18, "message": "Starting up the application..."}
{"asctime": "2026-09-08  14:13:19", "msecs": 552.0, "levelname": "INFO", "correlation_id": "-", "name": "uvicorn.error", "lineno": 62, "message": "Application startup complete."}
{"asctime": "2026-09-08  14:13:19", "msecs": 555.0, "levelname": "INFO", "correlation_id": "-", "name": "uvicorn.error", "lineno": 273, "message": "Shutting down"}
{"asctime": "2026-09-08  14:13:19", "msecs": 663.0, "levelname": "INFO", "correlation_id": "-", "name": "uvicorn.error", "lineno": 67, "message": "Waiting for application shutdown."}
{"asctime": "2026-09-08  14:13:19", "msecs": 671.0, "levelname": "INFO", "correlation_id": "-", "name": "uvicorn.error", "lineno": 76, "message": "Application shutdown complete."}
{"asctime": "2026-09-08  14:13:19", "msecs": 674.0, "levelname": "INFO", "correlation_id": "-", "name": "uvicorn.error", "lineno": 104, "message": "Finished server process [21028]", "color_message": "Finished server process [\u001b[36m%d\u001b[0m]"}
{"asctime": "2026-09-08  14:13:23", "msecs": 875.0, "levelname": "INFO", "correlation_id": "-", "name": "storeapi.main", "lineno": 18, "message": "Starting up the application..."}
{"asctime": "2026-09-08  14:13:23", "msecs": 898.0, "levelname": "INFO", "correlation_id": "-", "name": "uvicorn.error", "lineno": 62, "message": "Application startup complete."}
{"asctime": "2026-09-08  14:13:27", "msecs": 471.0, "levelname": "INFO", "correlation_id": "-", "name": "uvicorn.error", "lineno": 273, "message": "Shutting down"}
{"asctime": "2026-09-08  14:13:27", "msecs": 589.0, "levelname": "INFO", "correlation_id": "-", "name": "uvicorn.error", "lineno": 67, "message": "Waiting for application shutdown."}
{"asctime": "2026-09-08  14:13:27", "msecs": 599.0, "levelname": "INFO", "correlation_id": "-", "name": "uvicorn.error", "lineno": 76, "message": "Application shutdown complete."}
{"asctime": "2026-09-08  14:13:27", "msecs": 602.0, "levelname": "INFO", "correlation_id": "-", "name": "uvicorn.error", "lineno": 104, "message": "Finished server process [13932]", "color_message": "Finished server process [\u001b[36m%d\u001b[0m]"}
{"asctime": "2026-09-08  14:13:30", "msecs": 942.0, "levelname": "INFO", "correlation_id": "-", "name": "storeapi.main", "lineno": 18, "message": "Starting up the application..."}
{"asctime": "2026-09-08  14:13:30", "msecs": 967.0, "levelname": "INFO", "correlation_id": "-", "name": "uvicorn.error", "lineno": 62, "message": "Application startup complete."}
{"asctime": "2026-09-08  14:13:30", "msecs": 972.0, "levelname": "INFO", "correlation_id": "-", "name": "uvicorn.error", "lineno": 273, "message": "Shutting down"}
{"asctime": "2026-09-08  14:13:31", "msecs": 87.0, "levelname": "INFO", "correlation_id": "-", "name": "uvicorn.error", "lineno": 67, "message": "Waiting for application shutdown."}
{"asctime": "2026-09-08  14:13:31", "msecs": 97.0, "levelname": "INFO", "correlation_id": "-", "name": "uvicorn.error", "lineno": 76, "message": "Application shutdown complete."}
{"asctime": "2026-09-08  14:13:31", "msecs": 101.0, "levelname": "INFO", "correlation_id": "-", "name": "uvicorn.error", "lineno": 104, "message": "Finished server process [10668]", "color_message": "Finished server process [\u001b[36m%d\u001b[0m]"}
{"asctime": "2026-09-08  14:13:35", "msecs": 404.0, "levelname": "INFO", "correlation_id": "-", "name": "storeapi.main", "lineno": 18, "message": "Starting up the application..."}
{"asctime": "2026-09-08  14:13:35", "msecs": 429.0, "levelname": "INFO", "correlation_id": "-", "name": "uvicorn.error", "lineno": 62, "message": "Application startup complete."}
{"asctime": "2026-09-08  14:13:35", "msecs": 432.0, "levelname": "INFO", "correlation_id": "-", "name": "uvicorn.error", "lineno": 273, "message": "Shutting down"}
{"asctime": "2026-09-08  14:13:35", "msecs": 536.0, "levelname": "INFO", "correlation_id": "-", "name": "uvicorn.error", "lineno": 67, "message": "Waiting for application shutdown."}
{"asctime": "2026-09-08  14:13:35", "msecs": 545.0, "levelname": "INFO", "correlation_id": "-", "name": "uvicorn.error", "lineno": 76, "message": "Application shutdown complete."}
{"asctime": "2026-09-08  14:13:35", "msecs": 549.0, "levelname": "INFO", "correlation_id": "-", "name": "uvicorn.error", "lineno": 104, "message": "Finished server process [22652]", "color_message": "Finished server process [\u001b[36m%d\u001b[0m]"}
{"asctime": "2026-09-08  14:14:00", "msecs": 504.0, "levelname": "INFO", "correlation_id": "-", "name": "storeapi.main", "lineno": 18, "message": "Starting up the application..."}
{"asctime": "2026-09-08  14:14:00", "msecs": 530.0, "levelname": "INFO", "correlation_id": "-", "name": "uvicorn.error", "lineno": 62, "message": "Application startup complete."}
{"asctime": "2026-09-08  14:14:11", "msecs": 912.0, "levelname": "INFO", "correlation_id": "-", "name": "uvicorn.error", "lineno": 273, "message": "Shutting down"}
{"asctime": "2026-09-08  14:14:12", "msecs": 23.0, "levelname": "INFO", "correlation_id": "-", "name": "uvicorn.error", "lineno": 67, "message": "Waiting for application shutdown."}
{"asctime": "2026-09-08  14:14:12", "msecs": 41.0, "levelname": "INFO", "correlation_id": "-", "name": "uvicorn.error", "lineno": 76, "message": "Application shutdown complete."}
{"asctime": "2026-09-08  14:14:12", "msecs": 57.0, "levelname": "INFO", "correlation_id": "-", "name": "uvicorn.error", "lineno": 104, "message": "Finished server process [5032]", "color_message": "Finished server process [\u001b[36m%d\u001b[0m]"}
{"asctime": "2026-09-08  14:14:15", "msecs": 169.0, "levelname": "INFO", "correlation_id": "-", "name": "storeapi.main", "lineno": 18, "message": "Starting up the application..."}
{"asctime": "2026-09-08  14:14:15", "msecs": 191.0, "levelname": "INFO", "correlation_id": "-", "name": "uvicorn.error", "lineno": 62, "message": "Application startup complete."}
{"asctime": "2026-09-08  14:14:15", "msecs": 196.0, "levelname": "INFO", "correlation_id": "-", "name": "uvicorn.error", "lineno": 273, "message": "Shutting down"}
{"asctime": "2026-09-08  14:14:15", "msecs": 303.0, "levelname": "INFO", "correlation_id": "-", "name": "uvicorn.error", "lineno": 67, "message": "Waiting for application shutdown."}
{"asctime": "2026-09-08  14:14:15", "msecs": 321.0, "levelname": "INFO", "correlation_id": "-", "name": "uvicorn.error", "lineno": 76, "message": "Application shutdown complete."}
{"asctime": "2026-09-08  14:14:15", "msecs": 329.0, "levelname": "INFO", "correlation_id": "-", "name": "uvicorn.error", "lineno": 104, "message": "Finished server process [18908]", "color_message": "Finished server process [\u001b[36m%d\u001b[0m]"}
{"asctime": "2026-09-08  14:14:19", "msecs": 719.0, "levelname": "INFO", "correlation_id": "-", "name": "storeapi.main", "lineno": 18, "message": "Starting up the application..."}
{"asctime": "2026-09-08  14:14:19", "msecs": 755.0, "levelname": "INFO", "correlation_id": "-", "name": "uvicorn.error", "lineno": 62, "message": "Application startup complete."}
{"asctime": "2026-09-08  14:14:19", "msecs": 771.0, "levelname": "INFO", "correlation_id": "-", "name": "uvicorn.error", "lineno": 273, "message": "Shutting down"}
{"asctime": "2026-09-08  14:14:19", "msecs": 890.0, "levelname": "INFO", "correlation_id": "-", "name": "uvicorn.error", "lineno": 67, "message": "Waiting for application shutdown."}
{"asctime": "2026-09-08  14:14:19", "msecs": 902.0, "levelname": "INFO", "correlation_id": "-", "name": "uvicorn.error", "lineno": 76, "message": "Application shutdown complete."}
{"asctime": "2026-09-08  14:14:19", "msecs": 905.0, "levelname": "INFO", "correlation_id": "-", "name": "uvicorn.error", "lineno": 104, "message": "Finished server process [21764]", "color_message": "Finished server process [\u001b[36m%d\u001b[0m]"}
{"asctime": "2026-09-08  14:14:24", "msecs": 108.0, "levelname": "INFO", "correlation_id": "-", "name": "storeapi.main", "lineno": 18, "message": "Starting up the application..."}
{"asctime": "2026-09-08  14:14:24", "msecs": 131.0, "levelname": "INFO", "correlation_id": "-", "name": "uvicorn.error", "lineno": 62, "message": "Application startup complete."}
{"asctime": "2026-09-08  14:14:25", "msecs": 419.0, "levelname": "INFO", "correlation_id": "-", "name": "uvicorn.error", "lineno": 273, "message": "Shutting down"}
{"asctime": "2026-09-08  14:14:25", "msecs": 528.0, "levelname": "INFO", "correlation_id": "-", "name": "uvicorn.error", "lineno": 67, "message": "Waiting for application shutdown."}
{"asctime": "2026-09-08  14:14:25", "msecs": 583.0, "levelname": "INFO", "correlation_id": "-", "name": "uvicorn.error", "lineno": 76, "message": "Application shutdown complete."}
{"asctime": "2026-09-08  14:14:25", "msecs": 586.0, "levelname": "INFO", "correlation_id": "-", "name": "uvicorn.error", "lineno": 104, "message": "Finished server process [2936]", "color_message": "Finished server process [\u001b[36m%d\u001b[0m]"}
{"asctime": "2026-09-08  14:14:29", "msecs": 282.0, "levelname": "INFO", "correlation_id": "-", "name": "storeapi.main", "lineno": 18, "message": "Starting up the application..."}
{"asctime": "2026-09-08  14:14:29", "msecs": 305.0, "levelname": "INFO", "correlation_id": "-", "name": "uvicorn.error", "lineno": 62, "message": "Application startup complete."}
{"asctime": "2026-09-08  14:14:43", "msecs": 661.0, "levelname": "INFO", "correlation_id": "-", "name": "uvicorn.error", "lineno": 273, "message": "Shutting down"}
{"asctime": "2026-09-08  14:14:43", "msecs": 775.0, "levelname": "INFO", "correlation_id": "-", "name": "uvicorn.error", "lineno": 67, "message": "Waiting for application shutdown."}
{"asctime": "2026-09-08  14:14:43", "msecs": 851.0, "levelname": "INFO", "correlation_id": "-", "name": "uvicorn.error", "lineno": 76, "message": "Application shutdown complete."}
{"asctime": "2026-09-08  14:14:43", "msecs": 855.0, "levelname": "INFO", "correlation_id": "-", "name": "uvicorn.error", "lineno": 104, "message": "Finished server process [18904]", "color_message": "Finished server process [\u001b[36m%d\u001b[0m]"}
{"asctime": "2026-09-08  14:14:47", "msecs": 471.0, "levelname": "INFO", "correlation_id": "-", "name": "storeapi.main", "lineno": 18, "message": "Starting up the application..."}
{"asctime": "2026-09-08  14:14:47", "msecs": 526.0, "levelname": "INFO", "correlation_id": "-", "name": "uvicorn.error", "lineno": 62, "message": "Application startup complete."}
{"asctime": "2026-09-08  14:14:49", "msecs": 901.0, "levelname": "INFO", "correlation_id": "-", "name": "uvicorn.error", "lineno": 273, "message": "Shutting down"}
{"asctime": "2026-09-08  14:14:50", "msecs": 12.0, "levelname": "INFO", "correlation_id": "-", "name": "uvicorn.error", "lineno": 67, "message": "Waiting for application shutdown."}
{"asctime": "2026-09-08  14:14:50", "msecs": 38.0, "levelname": "INFO", "correlation_id": "-", "name": "uvicorn.error", "lineno": 76, "message": "Application shutdown complete."}
{"asctime": "2026-09-08  14:14:50", "msecs": 44.0, "levelname": "INFO", "correlation_id": "-", "name": "uvicorn.error", "lineno": 104, "message": "Finished server process [11512]", "color_message": "Finished server process [\u001b[36m%d\u001b[0m]"}
{"asctime": "2026-09-08  14:14:53", "msecs": 249.0, "levelname": "INFO", "correlation_id": "-", "name": "storeapi.main", "lineno": 18, "message": "Starting up the application..."}
{"asctime": "2026-09-08  14:14:53", "msecs": 278.0, "levelname": "INFO", "correlation_id": "-", "name": "uvicorn.error", "lineno": 62, "message": "Application startup complete."}
{"asctime": "2026-09-08  14:15:06", "msecs": 792.0, "levelname": "INFO", "correlation_id": "-", "name": "uvicorn.error", "lineno": 273, "message": "Shutting down"}
{"asctime": "2026-09-08  14:15:06", "msecs": 897.0, "levelname": "INFO", "correlation_id": "-", "name": "uvicorn.error", "lineno": 67, "message": "Waiting for application shutdown."}
{"asctime": "2026-09-08  14:15:06", "msecs": 905.0, "levelname": "INFO", "correlation_id": "-", "name": "uvicorn.error", "lineno": 76, "message": "Application shutdown complete."}
{"asctime": "2026-09-08  14:15:06", "msecs": 911.0, "levelname": "INFO", "correlation_id": "-", "name": "uvicorn.error", "lineno": 104, "message": "Finished server process [23152]", "color_message": "Finished server process [\u001b[36m%d\u001b[0m]"}
{"asctime": "2026-09-08  14:15:10", "msecs": 208.0, "levelname": "INFO", "correlation_id": "-", "name": "storeapi.main", "lineno": 18, "message": "Starting up the application..."}
{"asctime": "2026-09-08  14:15:10", "msecs": 234.0, "levelname": "INFO", "correlation_id": "-", "name": "uvicorn.error", "lineno": 62, "message": "Application startup complete."}
{"asctime": "2026-09-08  14:15:18", "msecs": 159.0, "levelname": "INFO", "correlation_id": "-", "name": "uvicorn.error", "lineno": 273, "message": "Shutting down"}
{"asctime": "2026-09-08  14:15:18", "msecs": 274.0, "levelname": "INFO", "correlation_id": "-", "name": "uvicorn.error", "lineno": 67, "message": "Waiting for application shutdown."}
{"asctime": "2026-09-08  14:15:18", "msecs": 284.0, "levelname": "INFO", "correlation_id": "-", "name": "uvicorn.error", "lineno": 76, "message": "Application shutdown complete."}
{"asctime": "2026-09-08  14:15:18", "msecs": 288.0, "levelname": "INFO", "correlation_id": "-", "name": "uvicorn.error", "lineno": 104, "message": "Finished server process [19404]", "color_message": "Finished server process [\u001b[36m%d\u001b[0m]"}
{"asctime": "2026-09-08  14:15:27", "msecs": 784.0, "levelname": "INFO", "correlation_id": "-", "name": "storeapi.main", "lineno": 18, "message": "Starting up the application..."}
{"asctime": "2026-09-08  14:15:27", "msecs": 821.0, "levelname": "INFO", "correlation_id": "-", "name": "uvicorn.error", "lineno": 62, "message": "Application startup complete."}
{"asctime": "2026-09-08  14:15:27", "msecs": 827.0, "levelname": "INFO", "correlation_id": "-", "name": "uvicorn.error", "lineno": 273, "message": "Shutting down"}
{"asctime": "2026-09-08  14:15:27", "msecs": 939.0, "levelname": "INFO", "correlation_id": "-", "name": "uvicorn.error", "lineno": 67, "message": "Waiting for application shutdown."}
{"asctime": "2026-09-08  14:15:27", "msecs": 953.0, "levelname": "INFO", "correlation_id": "-", "name": "uvicorn.error", "lineno": 76, "message": "Application shutdown complete."}
{"asctime": "2026-09-08  14:15:27", "msecs": 963.0, "levelname": "INFO", "correlation_id": "-", "name": "uvicorn.error", "lineno": 104, "message": "Finished server process [20336]", "color_message": "Finished server process [\u001b[36m%d\u001b[0m]"}
{"asctime": "2026-09-08  14:15:32", "msecs": 274.0, "levelname": "INFO", "correlation_id": "-", "name": "storeapi.main", "lineno": 18, "message": "Starting up the application..."}
{"asctime": "2026-09-08  14:15:32", "msecs": 299.0, "levelname": "INFO", "correlation_id": "-", "name": "uvicorn.error", "lineno": 62, "message": "Application startup complete."}
{"asctime": "2026-09-08  14:15:49", "msecs": 641.0, "levelname": "INFO", "correlation_id": "-", "name": "uvicorn.error", "lineno": 273, "message": "Shutting down"}
{"asctime": "2026-09-08  14:15:49", "msecs": 746.0, "levelname": "INFO", "correlation_id": "-", "name": "uvicorn.error", "lineno": 67, "message": "Waiting for application shutdown."}
{"asctime": "2026-09-08  14:15:49", "msecs": 783.0, "levelname": "INFO", "correlation_id": "-", "name": "uvicorn.error", "lineno": 76, "message": "Application shutdown complete."}
{"asctime": "2026-09-08  14:15:49", "msecs": 788.0, "levelname": "INFO", "correlation_id": "-", "name": "uvicorn.error", "lineno": 104, "message": "Finished server process [21592]", "color_message": "Finished server process [\u001b[36m%d\u001b[0m]"}
{"asctime": "2026-09-08  14:15:55", "msecs": 869.0, "levelname": "INFO", "correlation_id": "-", "name": "storeapi.main", "lineno": 18, "message": "Starting up the application..."}
{"asctime": "2026-09-08  14:15:55", "msecs": 894.0, "levelname": "INFO", "correlation_id": "-", "name": "uvicorn.error", "lineno": 62, "message": "Application startup complete."}
{"asctime": "2026-09-08  14:15:56", "msecs": 210.0, "levelname": "INFO", "correlation_id": "-", "name": "uvicorn.error", "lineno": 273, "message": "Shutting down"}
{"asctime": "2026-09-08  14:15:56", "msecs": 324.0, "levelname": "INFO", "correlation_id": "-", "name": "uvicorn.error", "lineno": 67, "message": "Waiting for application shutdown."}
{"asctime": "2026-09-08  14:15:56", "msecs": 337.0, "levelname": "INFO", "correlation_id": "-", "name": "uvicorn.error", "lineno": 76, "message": "Application shutdown complete."}
{"asctime": "2026-09-08  14:15:56", "msecs": 342.0, "levelname": "INFO", "correlation_id": "-", "name": "uvicorn.error", "lineno": 104, "message": "Finished server process [13932]", "color_message": "Finished server process [\u001b[36m%d\u001b[0m]"}
{"asctime": "2026-09-08  14:16:01", "msecs": 101.0, "levelname": "INFO", "correlation_id": "-", "name": "storeapi.main", "lineno": 18, "message": "Starting up the application..."}
{"asctime": "2026-09-08  14:16:01", "msecs": 125.0, "levelname": "INFO", "correlation_id": "-", "name": "uvicorn.error", "lineno": 62, "message": "Application startup complete."}
{"asctime": "2026-09-08  14:17:33", "msecs": 150.0, "levelname": "INFO", "correlation_id": "-", "name": "uvicorn.error", "lineno": 273, "message": "Shutting down"}
{"asctime": "2026-09-08  14:17:33", "msecs": 262.0, "levelname": "INFO", "correlation_id": "-", "name": "uvicorn.error", "lineno": 67, "message": "Waiting for application shutdown."}
{"asctime": "2026-09-08  14:17:33", "msecs": 274.0, "levelname": "INFO", "correlation_id": "-", "name": "uvicorn.error", "lineno": 76, "message": "Application shutdown complete."}
{"asctime": "2026-09-08  14:17:33", "msecs": 278.0, "levelname": "INFO", "correlation_id": "-", "name": "uvicorn.error", "lineno": 104, "message": "Finished server process [16184]", "color_message": "Finished server process [\u001b[36m%d\u001b[0m]"}
{"asctime": "2026-09-09  10:00:21", "msecs": 42.0, "levelname": "INFO", "correlation_id": "-", "name": "storeapi.main", "lineno": 18, "message": "Starting up the application..."}
{"asctime": "2026-09-09  10:00:21", "msecs": 77.0, "levelname": "INFO", "correlation_id": "-", "name": "uvicorn.error", "lineno": 62, "message": "Application startup complete."}
{"asctime": "2026-09-09  10:07:33", "msecs": 419.0, "levelname": "INFO", "correlation_id": "-", "name": "uvicorn.error", "lineno": 273, "message": "Shutting down"}
{"asctime": "2026-09-09  10:07:33", "msecs": 565.0, "levelname": "INFO", "correlation_id": "-", "name": "uvicorn.error", "lineno": 67, "message": "Waiting for application shutdown."}
{"asctime": "2026-09-09  10:07:33", "msecs": 587.0, "levelname": "INFO", "correlation_id": "-", "name": "uvicorn.error", "lineno": 76, "message": "Application shutdown complete."}
{"asctime": "2026-09-09  10:07:33", "msecs": 629.0, "levelname": "INFO", "correlation_id": "-", "name": "uvicorn.error", "lineno": 104, "message": "Finished server process [17928]", "color_message": "Finished server process [\u001b[36m%d\u001b[0m]"}
{"asctime": "2026-09-09  10:38:16", "msecs": 568.0, "levelname": "INFO", "correlation_id": "-", "name": "storeapi.main", "lineno": 19, "message": "Starting up the application..."}
{"asctime": "2026-09-09  10:38:16", "msecs": 600.0, "levelname": "INFO", "correlation_id": "-", "name": "uvicorn.error", "lineno": 62, "message": "Application startup complete."}
{"asctime": "2026-09-09  10:38:20", "msecs": 695.0, "levelname": "INFO", "correlation_id": "-", "name": "uvicorn.error", "lineno": 273, "message": "Shutting down"}
{"asctime": "2026-09-09  10:38:20", "msecs": 803.0, "levelname": "INFO", "correlation_id": "-", "name": "uvicorn.error", "lineno": 67, "message": "Waiting for application shutdown."}
{"asctime": "2026-09-09  10:38:20", "msecs": 812.0, "levelname": "INFO", "correlation_id": "-", "name": "uvicorn.error", "lineno": 76, "message": "Application shutdown complete."}
{"asctime": "2026-09-09  10:38:20", "msecs": 815.0, "levelname": "INFO", "correlation_id": "-", "name": "uvicorn.error", "lineno": 104, "message": "Finished server process [16296]", "color_message": "Finished server process [\u001b[36m%d\u001b[0m]"}
{"asctime": "2026-09-09  14:29:52", "msecs": 61.0, "levelname": "INFO", "correlation_id": "-", "name": "storeapi.main", "lineno": 19, "message": "Starting up the application..."}
{"asctime": "2026-09-09  14:29:52", "msecs": 85.0, "levelname": "INFO", "correlation_id": "-", "name": "uvicorn.error", "lineno": 62, "message": "Application startup complete."}
{"asctime": "2026-09-09  14:30:32", "msecs": 666.0, "levelname": "INFO", "correlation_id": "-", "name": "uvicorn.error", "lineno": 273, "message": "Shutting down"}
{"asctime": "2026-09-09  14:30:32", "msecs": 805.0, "levelname": "INFO", "correlation_id": "-", "name": "uvicorn.error", "lineno": 67, "message": "Waiting for application shutdown."}
{"asctime": "2026-09-09  14:30:32", "msecs": 816.0, "levelname": "INFO", "correlation_id": "-", "name": "uvicorn.error", "lineno": 76, "message": "Application shutdown complete."}
{"asctime": "2026-09-09  14:30:32", "msecs": 821.0, "levelname": "INFO", "correlation_id": "-", "name": "uvicorn.error", "lineno": 104, "message": "Finished server process [19076]", "color_message": "Finished server process [\u001b[36m%d\u001b[0m]"}
